INSERT INTO directors (id, name, age) VALUES (1, 'Ivan', 21);
INSERT INTO directors (id, name, age) VALUES (2, 'Artur', 50);
INSERT INTO directors (id, name, age) VALUES (3, 'Petr', 25);
INSERT INTO directors (id, name, age) VALUES (4, 'Vadzim', 26);
INSERT INTO directors (id, name, age) VALUES (5, 'Olga', 88);
INSERT INTO directors (id, name, age) VALUES (6, 'Yan', 55);
INSERT INTO directors (id, name, age) VALUES (7, 'Nick', 21);
INSERT INTO directors (id, name, age) VALUES (8, 'Denis', 44);
INSERT INTO directors (id, name, age) VALUES (9, 'Dima', 28);
INSERT INTO directors (id, name, age) VALUES (10, 'Vika', 33);
INSERT INTO directors (id, name, age) VALUES (11, 'Artem', 19);
INSERT INTO directors (id, name, age) VALUES (12, 'Tim', 41);
INSERT INTO directors (id, name, age) VALUES (13, 'Tom', 43);
INSERT INTO directors (id, name, age) VALUES (14, 'Bob', 56);
INSERT INTO directors (id, name, age) VALUES (15, 'Chack', 80);
INSERT INTO directors (id, name, age) VALUES (16, 'Sam', 46);
INSERT INTO directors (id, name, age) VALUES (17, 'Ben', 35);
INSERT INTO directors (id, name, age) VALUES (18, 'Paul', 62);
INSERT INTO directors (id, name, age) VALUES (19, 'Den', 74);
INSERT INTO directors (id, name, age) VALUES (20, 'Vladimir', 33);
INSERT INTO directors (id, name, age) VALUES (21, 'Yan', 55);
INSERT INTO directors (id, name, age) VALUES (22, 'Nick', 21);
INSERT INTO directors (id, name, age) VALUES (23, 'Denis', 44);
INSERT INTO directors (id, name, age) VALUES (24, 'Dima', 28);
INSERT INTO directors (id, name, age) VALUES (25, 'Vika', 33);
INSERT INTO directors (id, name, age) VALUES (26, 'Artem', 19);
INSERT INTO directors (id, name, age) VALUES (27, 'Tim', 41);
INSERT INTO directors (id, name, age) VALUES (28, 'Tom', 43);
INSERT INTO directors (id, name, age) VALUES (29, 'Bob', 56);
INSERT INTO directors (id, name, age) VALUES (30, 'Chack', 80);
INSERT INTO directors (id, name, age) VALUES (31, 'Sam', 46);
INSERT INTO directors (id, name, age) VALUES (32, 'Denis', 44);
INSERT INTO directors (id, name, age) VALUES (33, 'Dima', 28);
INSERT INTO directors (id, name, age) VALUES (34, 'Vika', 33);
INSERT INTO directors (id, name, age) VALUES (35, 'Artem', 19);
INSERT INTO directors (id, name, age) VALUES (36, 'Vika', 33);
INSERT INTO directors (id, name, age) VALUES (37, 'Artem', 19);
INSERT INTO directors (id, name, age) VALUES (38, 'Tim', 41);
INSERT INTO directors (id, name, age) VALUES (39, 'Tom', 43);
INSERT INTO directors (id, name, age) VALUES (40, 'Bob', 56);
INSERT INTO directors (id, name, age) VALUES (41, 'Chack', 80);
INSERT INTO directors (id, name, age) VALUES (42, 'Sam', 46);
INSERT INTO directors (id, name, age) VALUES (43, 'Ben', 35);
INSERT INTO directors (id, name, age) VALUES (44, 'Paul', 62);
INSERT INTO directors (id, name, age) VALUES (45, 'Den', 74);
INSERT INTO directors (id, name, age) VALUES (46, 'Vika', 33);
INSERT INTO directors (id, name, age) VALUES (47, 'Artem', 19);
INSERT INTO directors (id, name, age) VALUES (48, 'Tim', 41);
INSERT INTO directors (id, name, age) VALUES (49, 'Tom', 43);
INSERT INTO directors (id, name, age) VALUES (50, 'Bob', 56);
INSERT INTO directors (id, name, age) VALUES (51, 'Chack', 80);
INSERT INTO directors (id, name, age) VALUES (52, 'Sam', 46);
INSERT INTO directors (id, name, age) VALUES (53, 'Denis', 44);
INSERT INTO directors (id, name, age) VALUES (54, 'Dima', 28);
INSERT INTO directors (id, name, age) VALUES (55, 'Vika', 33);
INSERT INTO directors (id, name, age) VALUES (56, 'Artem', 19);
INSERT INTO directors (id, name, age) VALUES (57, 'Vika', 33);
INSERT INTO directors (id, name, age) VALUES (58, 'Artem', 19);
INSERT INTO directors (id, name, age) VALUES (59, 'Tim', 41);
INSERT INTO directors (id, name, age) VALUES (60, 'Tom', 43);
INSERT INTO directors (id, name, age) VALUES (61, 'Vika', 33);
INSERT INTO directors (id, name, age) VALUES (62, 'Artem', 19);
INSERT INTO directors (id, name, age) VALUES (63, 'Tim', 41);
INSERT INTO directors (id, name, age) VALUES (64, 'Tom', 43);
INSERT INTO directors (id, name, age) VALUES (65, 'Bob', 56);
INSERT INTO directors (id, name, age) VALUES (66, 'Chack', 80);
INSERT INTO directors (id, name, age) VALUES (67, 'Sam', 46);
INSERT INTO directors (id, name, age) VALUES (68, 'Denis', 44);
INSERT INTO directors (id, name, age) VALUES (69, 'Dima', 28);
INSERT INTO directors (id, name, age) VALUES (70, 'Vika', 33);
INSERT INTO directors (id, name, age) VALUES (71, 'Artem', 19);
INSERT INTO directors (id, name, age) VALUES (72, 'Vika', 33);
INSERT INTO directors (id, name, age) VALUES (73, 'Artem', 19);
INSERT INTO directors (id, name, age) VALUES (74, 'Tim', 41);
INSERT INTO directors (id, name, age) VALUES (75, 'Tom', 43);
INSERT INTO directors (id, name, age) VALUES (76, 'Vika', 33);
INSERT INTO directors (id, name, age) VALUES (77, 'Artem', 19);
INSERT INTO directors (id, name, age) VALUES (78, 'Tim', 41);
INSERT INTO directors (id, name, age) VALUES (79, 'Tom', 43);
INSERT INTO directors (id, name, age) VALUES (80, 'Bob', 56);
INSERT INTO directors (id, name, age) VALUES (81, 'Chack', 80);
INSERT INTO directors (id, name, age) VALUES (82, 'Sam', 46);
INSERT INTO directors (id, name, age) VALUES (83, 'Denis', 44);
INSERT INTO directors (id, name, age) VALUES (84, 'Dima', 28);
INSERT INTO directors (id, name, age) VALUES (85, 'Vika', 33);
INSERT INTO directors (id, name, age) VALUES (86, 'Artem', 19);
INSERT INTO directors (id, name, age) VALUES (87, 'Vika', 33);
INSERT INTO directors (id, name, age) VALUES (88, 'Artem', 19);
INSERT INTO directors (id, name, age) VALUES (89, 'Tim', 41);
INSERT INTO directors (id, name, age) VALUES (90, 'Tom', 43);
INSERT INTO directors (id, name, age) VALUES (91, 'Artem', 19);
INSERT INTO directors (id, name, age) VALUES (92, 'Tim', 41);
INSERT INTO directors (id, name, age) VALUES (93, 'Tom', 43);
INSERT INTO directors (id, name, age) VALUES (94, 'Vika', 33);
INSERT INTO directors (id, name, age) VALUES (95, 'Artem', 19);
INSERT INTO directors (id, name, age) VALUES (96, 'Tom', 43);
INSERT INTO directors (id, name, age) VALUES (97, 'Bob', 56);
INSERT INTO directors (id, name, age) VALUES (98, 'Chack', 80);
INSERT INTO directors (id, name, age) VALUES (99, 'Sam', 46);
INSERT INTO directors (id, name, age) VALUES (100, 'Denis', 44);
INSERT INTO directors (id, name, age) VALUES (101, 'Ivan', 21);
INSERT INTO directors (id, name, age) VALUES (102, 'Artur', 50);
INSERT INTO directors (id, name, age) VALUES (103, 'Petr', 25);
INSERT INTO directors (id, name, age) VALUES (104, 'Vadzim', 26);
INSERT INTO directors (id, name, age) VALUES (105, 'Olga', 88);
INSERT INTO directors (id, name, age) VALUES (106, 'Yan', 55);
INSERT INTO directors (id, name, age) VALUES (107, 'Nick', 21);
INSERT INTO directors (id, name, age) VALUES (108, 'Denis', 44);
INSERT INTO directors (id, name, age) VALUES (109, 'Dima', 28);
INSERT INTO directors (id, name, age) VALUES (110, 'Vika', 33);
INSERT INTO directors (id, name, age) VALUES (111, 'Artem', 19);
INSERT INTO directors (id, name, age) VALUES (112, 'Tim', 41);
INSERT INTO directors (id, name, age) VALUES (113, 'Tom', 43);
INSERT INTO directors (id, name, age) VALUES (114, 'Bob', 56);
INSERT INTO directors (id, name, age) VALUES (115, 'Chack', 80);
INSERT INTO directors (id, name, age) VALUES (116, 'Sam', 46);
INSERT INTO directors (id, name, age) VALUES (117, 'Ben', 35);
INSERT INTO directors (id, name, age) VALUES (118, 'Paul', 62);
INSERT INTO directors (id, name, age) VALUES (119, 'Den', 74);
INSERT INTO directors (id, name, age) VALUES (120, 'Vladimir', 33);
INSERT INTO directors (id, name, age) VALUES (121, 'Yan', 55);
INSERT INTO directors (id, name, age) VALUES (122, 'Nick', 21);
INSERT INTO directors (id, name, age) VALUES (123, 'Denis', 44);
INSERT INTO directors (id, name, age) VALUES (124, 'Dima', 28);
INSERT INTO directors (id, name, age) VALUES (125, 'Vika', 33);
INSERT INTO directors (id, name, age) VALUES (126, 'Artem', 19);
INSERT INTO directors (id, name, age) VALUES (127, 'Tim', 41);
INSERT INTO directors (id, name, age) VALUES (128, 'Tom', 43);
INSERT INTO directors (id, name, age) VALUES (129, 'Bob', 56);
INSERT INTO directors (id, name, age) VALUES (130, 'Chack', 80);
INSERT INTO directors (id, name, age) VALUES (131, 'Sam', 46);
INSERT INTO directors (id, name, age) VALUES (132, 'Denis', 44);
INSERT INTO directors (id, name, age) VALUES (133, 'Dima', 28);
INSERT INTO directors (id, name, age) VALUES (134, 'Vika', 33);
INSERT INTO directors (id, name, age) VALUES (135, 'Artem', 19);
INSERT INTO directors (id, name, age) VALUES (136, 'Vika', 33);
INSERT INTO directors (id, name, age) VALUES (137, 'Artem', 19);
INSERT INTO directors (id, name, age) VALUES (138, 'Tim', 41);
INSERT INTO directors (id, name, age) VALUES (139, 'Tom', 43);
INSERT INTO directors (id, name, age) VALUES (140, 'Bob', 56);
INSERT INTO directors (id, name, age) VALUES (141, 'Chack', 80);
INSERT INTO directors (id, name, age) VALUES (142, 'Sam', 46);
INSERT INTO directors (id, name, age) VALUES (143, 'Ben', 35);
INSERT INTO directors (id, name, age) VALUES (144, 'Paul', 62);
INSERT INTO directors (id, name, age) VALUES (145, 'Den', 74);
INSERT INTO directors (id, name, age) VALUES (146, 'Vika', 33);
INSERT INTO directors (id, name, age) VALUES (147, 'Artem', 19);
INSERT INTO directors (id, name, age) VALUES (148, 'Tim', 41);
INSERT INTO directors (id, name, age) VALUES (149, 'Tom', 43);
INSERT INTO directors (id, name, age) VALUES (150, 'Bob', 56);
INSERT INTO directors (id, name, age) VALUES (151, 'Chack', 80);
INSERT INTO directors (id, name, age) VALUES (152, 'Sam', 46);
INSERT INTO directors (id, name, age) VALUES (153, 'Denis', 44);
INSERT INTO directors (id, name, age) VALUES (154, 'Dima', 28);
INSERT INTO directors (id, name, age) VALUES (155, 'Vika', 33);
INSERT INTO directors (id, name, age) VALUES (156, 'Artem', 19);
INSERT INTO directors (id, name, age) VALUES (157, 'Vika', 33);
INSERT INTO directors (id, name, age) VALUES (158, 'Artem', 19);
INSERT INTO directors (id, name, age) VALUES (159, 'Tim', 41);
INSERT INTO directors (id, name, age) VALUES (160, 'Tom', 43);
INSERT INTO directors (id, name, age) VALUES (161, 'Vika', 33);
INSERT INTO directors (id, name, age) VALUES (162, 'Artem', 19);
INSERT INTO directors (id, name, age) VALUES (163, 'Tim', 41);
INSERT INTO directors (id, name, age) VALUES (164, 'Tom', 43);
INSERT INTO directors (id, name, age) VALUES (165, 'Bob', 56);
INSERT INTO directors (id, name, age) VALUES (166, 'Chack', 80);
INSERT INTO directors (id, name, age) VALUES (167, 'Sam', 46);
INSERT INTO directors (id, name, age) VALUES (168, 'Denis', 44);
INSERT INTO directors (id, name, age) VALUES (169, 'Dima', 28);
INSERT INTO directors (id, name, age) VALUES (170, 'Vika', 33);
INSERT INTO directors (id, name, age) VALUES (171, 'Artem', 19);
INSERT INTO directors (id, name, age) VALUES (172, 'Vika', 33);
INSERT INTO directors (id, name, age) VALUES (173, 'Artem', 19);
INSERT INTO directors (id, name, age) VALUES (174, 'Tim', 41);
INSERT INTO directors (id, name, age) VALUES (175, 'Tom', 43);
INSERT INTO directors (id, name, age) VALUES (176, 'Vika', 33);
INSERT INTO directors (id, name, age) VALUES (177, 'Artem', 19);
INSERT INTO directors (id, name, age) VALUES (178, 'Tim', 41);
INSERT INTO directors (id, name, age) VALUES (179, 'Tom', 43);
INSERT INTO directors (id, name, age) VALUES (180, 'Bob', 56);
INSERT INTO directors (id, name, age) VALUES (181, 'Chack', 80);
INSERT INTO directors (id, name, age) VALUES (182, 'Sam', 46);
INSERT INTO directors (id, name, age) VALUES (183, 'Denis', 44);
INSERT INTO directors (id, name, age) VALUES (184, 'Dima', 28);
INSERT INTO directors (id, name, age) VALUES (185, 'Vika', 33);
INSERT INTO directors (id, name, age) VALUES (186, 'Artem', 19);
INSERT INTO directors (id, name, age) VALUES (187, 'Vika', 33);
INSERT INTO directors (id, name, age) VALUES (188, 'Artem', 19);
INSERT INTO directors (id, name, age) VALUES (189, 'Tim', 41);
INSERT INTO directors (id, name, age) VALUES (190, 'Tom', 43);
INSERT INTO directors (id, name, age) VALUES (191, 'Artem', 19);
INSERT INTO directors (id, name, age) VALUES (192, 'Tim', 41);
INSERT INTO directors (id, name, age) VALUES (193, 'Tom', 43);
INSERT INTO directors (id, name, age) VALUES (194, 'Vika', 33);
INSERT INTO directors (id, name, age) VALUES (195, 'Artem', 19);
INSERT INTO directors (id, name, age) VALUES (196, 'Tom', 43);
INSERT INTO directors (id, name, age) VALUES (197, 'Bob', 56);
INSERT INTO directors (id, name, age) VALUES (198, 'Chack', 80);
INSERT INTO directors (id, name, age) VALUES (199, 'Sam', 46);
INSERT INTO directors (id, name, age) VALUES (200, 'Denis', 44);
INSERT INTO directors (id, name, age) VALUES (201, 'Ivan', 21);
INSERT INTO directors (id, name, age) VALUES (202, 'Artur', 50);
INSERT INTO directors (id, name, age) VALUES (203, 'Petr', 25);
INSERT INTO directors (id, name, age) VALUES (204, 'Vadzim', 26);
INSERT INTO directors (id, name, age) VALUES (205, 'Olga', 88);
INSERT INTO directors (id, name, age) VALUES (206, 'Yan', 55);
INSERT INTO directors (id, name, age) VALUES (207, 'Nick', 21);
INSERT INTO directors (id, name, age) VALUES (208, 'Denis', 44);
INSERT INTO directors (id, name, age) VALUES (209, 'Dima', 28);
INSERT INTO directors (id, name, age) VALUES (210, 'Vika', 33);
INSERT INTO directors (id, name, age) VALUES (211, 'Artem', 19);
INSERT INTO directors (id, name, age) VALUES (212, 'Tim', 41);
INSERT INTO directors (id, name, age) VALUES (213, 'Tom', 43);
INSERT INTO directors (id, name, age) VALUES (214, 'Bob', 56);
INSERT INTO directors (id, name, age) VALUES (215, 'Chack', 80);
INSERT INTO directors (id, name, age) VALUES (216, 'Sam', 46);
INSERT INTO directors (id, name, age) VALUES (217, 'Ben', 35);
INSERT INTO directors (id, name, age) VALUES (218, 'Paul', 62);
INSERT INTO directors (id, name, age) VALUES (219, 'Den', 74);
INSERT INTO directors (id, name, age) VALUES (220, 'Vladimir', 33);
INSERT INTO directors (id, name, age) VALUES (221, 'Yan', 55);
INSERT INTO directors (id, name, age) VALUES (222, 'Nick', 21);
INSERT INTO directors (id, name, age) VALUES (223, 'Denis', 44);
INSERT INTO directors (id, name, age) VALUES (224, 'Dima', 28);
INSERT INTO directors (id, name, age) VALUES (225, 'Vika', 33);
INSERT INTO directors (id, name, age) VALUES (226, 'Artem', 19);
INSERT INTO directors (id, name, age) VALUES (227, 'Tim', 41);
INSERT INTO directors (id, name, age) VALUES (228, 'Tom', 43);
INSERT INTO directors (id, name, age) VALUES (229, 'Bob', 56);
INSERT INTO directors (id, name, age) VALUES (230, 'Chack', 80);
INSERT INTO directors (id, name, age) VALUES (231, 'Sam', 46);
INSERT INTO directors (id, name, age) VALUES (232, 'Denis', 44);
INSERT INTO directors (id, name, age) VALUES (233, 'Dima', 28);
INSERT INTO directors (id, name, age) VALUES (234, 'Vika', 33);
INSERT INTO directors (id, name, age) VALUES (235, 'Artem', 19);
INSERT INTO directors (id, name, age) VALUES (236, 'Vika', 33);
INSERT INTO directors (id, name, age) VALUES (237, 'Artem', 19);
INSERT INTO directors (id, name, age) VALUES (238, 'Tim', 41);
INSERT INTO directors (id, name, age) VALUES (239, 'Tom', 43);
INSERT INTO directors (id, name, age) VALUES (240, 'Bob', 56);
INSERT INTO directors (id, name, age) VALUES (241, 'Chack', 80);
INSERT INTO directors (id, name, age) VALUES (242, 'Sam', 46);
INSERT INTO directors (id, name, age) VALUES (243, 'Ben', 35);
INSERT INTO directors (id, name, age) VALUES (244, 'Paul', 62);
INSERT INTO directors (id, name, age) VALUES (245, 'Den', 74);
INSERT INTO directors (id, name, age) VALUES (246, 'Vika', 33);
INSERT INTO directors (id, name, age) VALUES (247, 'Artem', 19);
INSERT INTO directors (id, name, age) VALUES (248, 'Tim', 41);
INSERT INTO directors (id, name, age) VALUES (249, 'Tom', 43);
INSERT INTO directors (id, name, age) VALUES (250, 'Bob', 56);
INSERT INTO directors (id, name, age) VALUES (251, 'Chack', 80);
INSERT INTO directors (id, name, age) VALUES (252, 'Sam', 46);
INSERT INTO directors (id, name, age) VALUES (253, 'Denis', 44);
INSERT INTO directors (id, name, age) VALUES (254, 'Dima', 28);
INSERT INTO directors (id, name, age) VALUES (255, 'Vika', 33);
INSERT INTO directors (id, name, age) VALUES (256, 'Artem', 19);
INSERT INTO directors (id, name, age) VALUES (257, 'Vika', 33);
INSERT INTO directors (id, name, age) VALUES (258, 'Artem', 19);
INSERT INTO directors (id, name, age) VALUES (259, 'Tim', 41);
INSERT INTO directors (id, name, age) VALUES (260, 'Tom', 43);
INSERT INTO directors (id, name, age) VALUES (261, 'Vika', 33);
INSERT INTO directors (id, name, age) VALUES (262, 'Artem', 19);
INSERT INTO directors (id, name, age) VALUES (263, 'Tim', 41);
INSERT INTO directors (id, name, age) VALUES (264, 'Tom', 43);
INSERT INTO directors (id, name, age) VALUES (265, 'Bob', 56);
INSERT INTO directors (id, name, age) VALUES (266, 'Chack', 80);
INSERT INTO directors (id, name, age) VALUES (267, 'Sam', 46);
INSERT INTO directors (id, name, age) VALUES (268, 'Denis', 44);
INSERT INTO directors (id, name, age) VALUES (269, 'Dima', 28);
INSERT INTO directors (id, name, age) VALUES (270, 'Vika', 33);
INSERT INTO directors (id, name, age) VALUES (271, 'Artem', 19);
INSERT INTO directors (id, name, age) VALUES (272, 'Vika', 33);
INSERT INTO directors (id, name, age) VALUES (273, 'Artem', 19);
INSERT INTO directors (id, name, age) VALUES (274, 'Tim', 41);
INSERT INTO directors (id, name, age) VALUES (275, 'Tom', 43);
INSERT INTO directors (id, name, age) VALUES (276, 'Vika', 33);
INSERT INTO directors (id, name, age) VALUES (277, 'Artem', 19);
INSERT INTO directors (id, name, age) VALUES (278, 'Tim', 41);
INSERT INTO directors (id, name, age) VALUES (279, 'Tom', 43);
INSERT INTO directors (id, name, age) VALUES (280, 'Bob', 56);
INSERT INTO directors (id, name, age) VALUES (281, 'Chack', 80);
INSERT INTO directors (id, name, age) VALUES (282, 'Sam', 46);
INSERT INTO directors (id, name, age) VALUES (283, 'Denis', 44);
INSERT INTO directors (id, name, age) VALUES (284, 'Dima', 28);
INSERT INTO directors (id, name, age) VALUES (285, 'Vika', 33);
INSERT INTO directors (id, name, age) VALUES (286, 'Artem', 19);
INSERT INTO directors (id, name, age) VALUES (287, 'Vika', 33);
INSERT INTO directors (id, name, age) VALUES (288, 'Artem', 19);
INSERT INTO directors (id, name, age) VALUES (289, 'Tim', 41);
INSERT INTO directors (id, name, age) VALUES (290, 'Tom', 43);
INSERT INTO directors (id, name, age) VALUES (291, 'Artem', 19);
INSERT INTO directors (id, name, age) VALUES (292, 'Tim', 41);
INSERT INTO directors (id, name, age) VALUES (293, 'Tom', 43);
INSERT INTO directors (id, name, age) VALUES (294, 'Vika', 33);
INSERT INTO directors (id, name, age) VALUES (295, 'Artem', 19);
INSERT INTO directors (id, name, age) VALUES (296, 'Tom', 43);
INSERT INTO directors (id, name, age) VALUES (297, 'Bob', 56);
INSERT INTO directors (id, name, age) VALUES (298, 'Chack', 80);
INSERT INTO directors (id, name, age) VALUES (299, 'Sam', 46);
INSERT INTO directors (id, name, age) VALUES (300, 'Denis', 44);
INSERT INTO directors (id, name, age) VALUES (301, 'Ivan', 21);
INSERT INTO directors (id, name, age) VALUES (302, 'Artur', 50);
INSERT INTO directors (id, name, age) VALUES (303, 'Petr', 25);
INSERT INTO directors (id, name, age) VALUES (304, 'Vadzim', 26);
INSERT INTO directors (id, name, age) VALUES (305, 'Olga', 88);
INSERT INTO directors (id, name, age) VALUES (306, 'Yan', 55);
INSERT INTO directors (id, name, age) VALUES (307, 'Nick', 21);
INSERT INTO directors (id, name, age) VALUES (308, 'Denis', 44);
INSERT INTO directors (id, name, age) VALUES (309, 'Dima', 28);
INSERT INTO directors (id, name, age) VALUES (310, 'Vika', 33);
INSERT INTO directors (id, name, age) VALUES (311, 'Artem', 19);
INSERT INTO directors (id, name, age) VALUES (312, 'Tim', 41);
INSERT INTO directors (id, name, age) VALUES (313, 'Tom', 43);
INSERT INTO directors (id, name, age) VALUES (314, 'Bob', 56);
INSERT INTO directors (id, name, age) VALUES (315, 'Chack', 80);
INSERT INTO directors (id, name, age) VALUES (316, 'Sam', 46);
INSERT INTO directors (id, name, age) VALUES (317, 'Ben', 35);
INSERT INTO directors (id, name, age) VALUES (318, 'Paul', 62);
INSERT INTO directors (id, name, age) VALUES (319, 'Den', 74);
INSERT INTO directors (id, name, age) VALUES (320, 'Vladimir', 33);
INSERT INTO directors (id, name, age) VALUES (321, 'Yan', 55);
INSERT INTO directors (id, name, age) VALUES (322, 'Nick', 21);
INSERT INTO directors (id, name, age) VALUES (323, 'Denis', 44);
INSERT INTO directors (id, name, age) VALUES (324, 'Dima', 28);
INSERT INTO directors (id, name, age) VALUES (325, 'Vika', 33);
INSERT INTO directors (id, name, age) VALUES (326, 'Artem', 19);
INSERT INTO directors (id, name, age) VALUES (327, 'Tim', 41);
INSERT INTO directors (id, name, age) VALUES (328, 'Tom', 43);
INSERT INTO directors (id, name, age) VALUES (329, 'Bob', 56);
INSERT INTO directors (id, name, age) VALUES (330, 'Chack', 80);
INSERT INTO directors (id, name, age) VALUES (331, 'Sam', 46);
INSERT INTO directors (id, name, age) VALUES (332, 'Denis', 44);
INSERT INTO directors (id, name, age) VALUES (333, 'Dima', 28);
INSERT INTO directors (id, name, age) VALUES (334, 'Vika', 33);
INSERT INTO directors (id, name, age) VALUES (335, 'Artem', 19);
INSERT INTO directors (id, name, age) VALUES (336, 'Vika', 33);
INSERT INTO directors (id, name, age) VALUES (337, 'Artem', 19);
INSERT INTO directors (id, name, age) VALUES (338, 'Tim', 41);
INSERT INTO directors (id, name, age) VALUES (339, 'Tom', 43);
INSERT INTO directors (id, name, age) VALUES (340, 'Bob', 56);
INSERT INTO directors (id, name, age) VALUES (341, 'Chack', 80);
INSERT INTO directors (id, name, age) VALUES (342, 'Sam', 46);
INSERT INTO directors (id, name, age) VALUES (343, 'Ben', 35);
INSERT INTO directors (id, name, age) VALUES (344, 'Paul', 62);
INSERT INTO directors (id, name, age) VALUES (345, 'Den', 74);
INSERT INTO directors (id, name, age) VALUES (346, 'Vika', 33);
INSERT INTO directors (id, name, age) VALUES (347, 'Artem', 19);
INSERT INTO directors (id, name, age) VALUES (348, 'Tim', 41);
INSERT INTO directors (id, name, age) VALUES (349, 'Tom', 43);
INSERT INTO directors (id, name, age) VALUES (350, 'Bob', 56);
INSERT INTO directors (id, name, age) VALUES (351, 'Chack', 80);
INSERT INTO directors (id, name, age) VALUES (352, 'Sam', 46);
INSERT INTO directors (id, name, age) VALUES (353, 'Denis', 44);
INSERT INTO directors (id, name, age) VALUES (354, 'Dima', 28);
INSERT INTO directors (id, name, age) VALUES (355, 'Vika', 33);
INSERT INTO directors (id, name, age) VALUES (356, 'Artem', 19);
INSERT INTO directors (id, name, age) VALUES (357, 'Vika', 33);
INSERT INTO directors (id, name, age) VALUES (358, 'Artem', 19);
INSERT INTO directors (id, name, age) VALUES (359, 'Tim', 41);
INSERT INTO directors (id, name, age) VALUES (360, 'Tom', 43);
INSERT INTO directors (id, name, age) VALUES (361, 'Vika', 33);
INSERT INTO directors (id, name, age) VALUES (362, 'Artem', 19);
INSERT INTO directors (id, name, age) VALUES (363, 'Tim', 41);
INSERT INTO directors (id, name, age) VALUES (364, 'Tom', 43);
INSERT INTO directors (id, name, age) VALUES (365, 'Bob', 56);
INSERT INTO directors (id, name, age) VALUES (366, 'Chack', 80);
INSERT INTO directors (id, name, age) VALUES (367, 'Sam', 46);
INSERT INTO directors (id, name, age) VALUES (368, 'Denis', 44);
INSERT INTO directors (id, name, age) VALUES (369, 'Dima', 28);
INSERT INTO directors (id, name, age) VALUES (370, 'Vika', 33);
INSERT INTO directors (id, name, age) VALUES (371, 'Artem', 19);
INSERT INTO directors (id, name, age) VALUES (372, 'Vika', 33);
INSERT INTO directors (id, name, age) VALUES (373, 'Artem', 19);
INSERT INTO directors (id, name, age) VALUES (374, 'Tim', 41);
INSERT INTO directors (id, name, age) VALUES (375, 'Tom', 43);
INSERT INTO directors (id, name, age) VALUES (376, 'Vika', 33);
INSERT INTO directors (id, name, age) VALUES (377, 'Artem', 19);
INSERT INTO directors (id, name, age) VALUES (378, 'Tim', 41);
INSERT INTO directors (id, name, age) VALUES (379, 'Tom', 43);
INSERT INTO directors (id, name, age) VALUES (380, 'Bob', 56);
INSERT INTO directors (id, name, age) VALUES (381, 'Chack', 80);
INSERT INTO directors (id, name, age) VALUES (382, 'Sam', 46);
INSERT INTO directors (id, name, age) VALUES (383, 'Denis', 44);
INSERT INTO directors (id, name, age) VALUES (384, 'Dima', 28);
INSERT INTO directors (id, name, age) VALUES (385, 'Vika', 33);
INSERT INTO directors (id, name, age) VALUES (386, 'Artem', 19);
INSERT INTO directors (id, name, age) VALUES (387, 'Vika', 33);
INSERT INTO directors (id, name, age) VALUES (388, 'Artem', 19);
INSERT INTO directors (id, name, age) VALUES (389, 'Tim', 41);
INSERT INTO directors (id, name, age) VALUES (390, 'Tom', 43);
INSERT INTO directors (id, name, age) VALUES (391, 'Artem', 19);
INSERT INTO directors (id, name, age) VALUES (392, 'Tim', 41);
INSERT INTO directors (id, name, age) VALUES (393, 'Tom', 43);
INSERT INTO directors (id, name, age) VALUES (394, 'Vika', 33);
INSERT INTO directors (id, name, age) VALUES (395, 'Artem', 19);
INSERT INTO directors (id, name, age) VALUES (396, 'Tom', 43);
INSERT INTO directors (id, name, age) VALUES (397, 'Bob', 56);
INSERT INTO directors (id, name, age) VALUES (398, 'Chack', 80);
INSERT INTO directors (id, name, age) VALUES (399, 'Sam', 46);
INSERT INTO directors (id, name, age) VALUES (400, 'Denis', 44);
INSERT INTO directors (id, name, age) VALUES (401, 'Ivan', 21);
INSERT INTO directors (id, name, age) VALUES (402, 'Artur', 50);
INSERT INTO directors (id, name, age) VALUES (403, 'Petr', 25);
INSERT INTO directors (id, name, age) VALUES (404, 'Vadzim', 26);
INSERT INTO directors (id, name, age) VALUES (405, 'Olga', 88);
INSERT INTO directors (id, name, age) VALUES (406, 'Yan', 55);
INSERT INTO directors (id, name, age) VALUES (407, 'Nick', 21);
INSERT INTO directors (id, name, age) VALUES (408, 'Denis', 44);
INSERT INTO directors (id, name, age) VALUES (409, 'Dima', 28);
INSERT INTO directors (id, name, age) VALUES (410, 'Vika', 33);
INSERT INTO directors (id, name, age) VALUES (411, 'Artem', 19);
INSERT INTO directors (id, name, age) VALUES (412, 'Tim', 41);
INSERT INTO directors (id, name, age) VALUES (413, 'Tom', 43);
INSERT INTO directors (id, name, age) VALUES (414, 'Bob', 56);
INSERT INTO directors (id, name, age) VALUES (415, 'Chack', 80);
INSERT INTO directors (id, name, age) VALUES (416, 'Sam', 46);
INSERT INTO directors (id, name, age) VALUES (417, 'Ben', 35);
INSERT INTO directors (id, name, age) VALUES (418, 'Paul', 62);
INSERT INTO directors (id, name, age) VALUES (419, 'Den', 74);
INSERT INTO directors (id, name, age) VALUES (420, 'Vladimir', 33);
INSERT INTO directors (id, name, age) VALUES (421, 'Yan', 55);
INSERT INTO directors (id, name, age) VALUES (422, 'Nick', 21);
INSERT INTO directors (id, name, age) VALUES (423, 'Denis', 44);
INSERT INTO directors (id, name, age) VALUES (424, 'Dima', 28);
INSERT INTO directors (id, name, age) VALUES (425, 'Vika', 33);
INSERT INTO directors (id, name, age) VALUES (426, 'Artem', 19);
INSERT INTO directors (id, name, age) VALUES (427, 'Tim', 41);
INSERT INTO directors (id, name, age) VALUES (428, 'Tom', 43);
INSERT INTO directors (id, name, age) VALUES (429, 'Bob', 56);
INSERT INTO directors (id, name, age) VALUES (430, 'Chack', 80);
INSERT INTO directors (id, name, age) VALUES (431, 'Sam', 46);
INSERT INTO directors (id, name, age) VALUES (432, 'Denis', 44);
INSERT INTO directors (id, name, age) VALUES (433, 'Dima', 28);
INSERT INTO directors (id, name, age) VALUES (434, 'Vika', 33);
INSERT INTO directors (id, name, age) VALUES (435, 'Artem', 19);
INSERT INTO directors (id, name, age) VALUES (436, 'Vika', 33);
INSERT INTO directors (id, name, age) VALUES (437, 'Artem', 19);
INSERT INTO directors (id, name, age) VALUES (438, 'Tim', 41);
INSERT INTO directors (id, name, age) VALUES (439, 'Tom', 43);
INSERT INTO directors (id, name, age) VALUES (440, 'Bob', 56);
INSERT INTO directors (id, name, age) VALUES (441, 'Chack', 80);
INSERT INTO directors (id, name, age) VALUES (442, 'Sam', 46);
INSERT INTO directors (id, name, age) VALUES (443, 'Ben', 35);
INSERT INTO directors (id, name, age) VALUES (444, 'Paul', 62);
INSERT INTO directors (id, name, age) VALUES (445, 'Den', 74);
INSERT INTO directors (id, name, age) VALUES (446, 'Vika', 33);
INSERT INTO directors (id, name, age) VALUES (447, 'Artem', 19);
INSERT INTO directors (id, name, age) VALUES (448, 'Tim', 41);
INSERT INTO directors (id, name, age) VALUES (449, 'Tom', 43);
INSERT INTO directors (id, name, age) VALUES (450, 'Bob', 56);
INSERT INTO directors (id, name, age) VALUES (451, 'Chack', 80);
INSERT INTO directors (id, name, age) VALUES (452, 'Sam', 46);
INSERT INTO directors (id, name, age) VALUES (453, 'Denis', 44);
INSERT INTO directors (id, name, age) VALUES (454, 'Dima', 28);
INSERT INTO directors (id, name, age) VALUES (455, 'Vika', 33);
INSERT INTO directors (id, name, age) VALUES (456, 'Artem', 19);
INSERT INTO directors (id, name, age) VALUES (457, 'Vika', 33);
INSERT INTO directors (id, name, age) VALUES (458, 'Artem', 19);
INSERT INTO directors (id, name, age) VALUES (459, 'Tim', 41);
INSERT INTO directors (id, name, age) VALUES (460, 'Tom', 43);
INSERT INTO directors (id, name, age) VALUES (461, 'Vika', 33);
INSERT INTO directors (id, name, age) VALUES (462, 'Artem', 19);
INSERT INTO directors (id, name, age) VALUES (463, 'Tim', 41);
INSERT INTO directors (id, name, age) VALUES (464, 'Tom', 43);
INSERT INTO directors (id, name, age) VALUES (465, 'Bob', 56);
INSERT INTO directors (id, name, age) VALUES (466, 'Chack', 80);
INSERT INTO directors (id, name, age) VALUES (467, 'Sam', 46);
INSERT INTO directors (id, name, age) VALUES (468, 'Denis', 44);
INSERT INTO directors (id, name, age) VALUES (469, 'Dima', 28);
INSERT INTO directors (id, name, age) VALUES (470, 'Vika', 33);
INSERT INTO directors (id, name, age) VALUES (471, 'Artem', 19);
INSERT INTO directors (id, name, age) VALUES (472, 'Vika', 33);
INSERT INTO directors (id, name, age) VALUES (473, 'Artem', 19);
INSERT INTO directors (id, name, age) VALUES (474, 'Tim', 41);
INSERT INTO directors (id, name, age) VALUES (475, 'Tom', 43);
INSERT INTO directors (id, name, age) VALUES (476, 'Vika', 33);
INSERT INTO directors (id, name, age) VALUES (477, 'Artem', 19);
INSERT INTO directors (id, name, age) VALUES (478, 'Tim', 41);
INSERT INTO directors (id, name, age) VALUES (479, 'Tom', 43);
INSERT INTO directors (id, name, age) VALUES (480, 'Bob', 56);
INSERT INTO directors (id, name, age) VALUES (481, 'Chack', 80);
INSERT INTO directors (id, name, age) VALUES (482, 'Sam', 46);
INSERT INTO directors (id, name, age) VALUES (483, 'Denis', 44);
INSERT INTO directors (id, name, age) VALUES (484, 'Dima', 28);
INSERT INTO directors (id, name, age) VALUES (485, 'Vika', 33);
INSERT INTO directors (id, name, age) VALUES (486, 'Artem', 19);
INSERT INTO directors (id, name, age) VALUES (487, 'Vika', 33);
INSERT INTO directors (id, name, age) VALUES (488, 'Artem', 19);
INSERT INTO directors (id, name, age) VALUES (489, 'Tim', 41);
INSERT INTO directors (id, name, age) VALUES (490, 'Tom', 43);
INSERT INTO directors (id, name, age) VALUES (491, 'Artem', 19);
INSERT INTO directors (id, name, age) VALUES (492, 'Tim', 41);
INSERT INTO directors (id, name, age) VALUES (493, 'Tom', 43);
INSERT INTO directors (id, name, age) VALUES (494, 'Vika', 33);
INSERT INTO directors (id, name, age) VALUES (495, 'Artem', 19);
INSERT INTO directors (id, name, age) VALUES (496, 'Tom', 43);
INSERT INTO directors (id, name, age) VALUES (497, 'Bob', 56);
INSERT INTO directors (id, name, age) VALUES (498, 'Chack', 80);
INSERT INTO directors (id, name, age) VALUES (499, 'Sam', 46);
INSERT INTO directors (id, name, age) VALUES (500, 'Denis', 44);


INSERT INTO films (id, name, description, director_id) VALUES (1, 'Badla', 'fresh ', 8);
INSERT INTO films (id, name, description, director_id) VALUES (2, 'Bombairiya', 'sharp ', 62);
INSERT INTO films (id, name, description, director_id) VALUES (3, 'Battalion 609', 'nice', 53);
INSERT INTO films (id, name, description, director_id) VALUES (4, 'Badla', 'fresh ', 40);
INSERT INTO films (id, name, description, director_id) VALUES (5, 'Battalion 609', 'sweet ', 77);
INSERT INTO films (id, name, description, director_id) VALUES (6, 'Hamid', 'magic', 64);
INSERT INTO films (id, name, description, director_id) VALUES (7, 'Rangeela Raja', 'sharp ', 23);
INSERT INTO films (id, name, description, director_id) VALUES (8, 'Soni', 'cool', 58);
INSERT INTO films (id, name, description, director_id) VALUES (9, 'Rangeela Raja', 'oval ', 63);
INSERT INTO films (id, name, description, director_id) VALUES (10, 'Amavas', 'sharp ', 78);
INSERT INTO films (id, name, description, director_id) VALUES (11, 'Soni', 'cool', 50);
INSERT INTO films (id, name, description, director_id) VALUES (12, 'Salt Bridge', 'nice', 64);
INSERT INTO films (id, name, description, director_id) VALUES (13, 'Soni', 'oval ', 57);
INSERT INTO films (id, name, description, director_id) VALUES (14, 'The Green Mile', 'soft', 41);
INSERT INTO films (id, name, description, director_id) VALUES (15, 'Evening Shadows', 'soft', 64);
INSERT INTO films (id, name, description, director_id) VALUES (16, 'Sonchiriya', 'hot', 19);
INSERT INTO films (id, name, description, director_id) VALUES (17, 'Soni', 'hot', 14);
INSERT INTO films (id, name, description, director_id) VALUES (18, 'Soni', 'cool', 68);
INSERT INTO films (id, name, description, director_id) VALUES (19, 'Evening Shadows', 'fresh ', 4);
INSERT INTO films (id, name, description, director_id) VALUES (20, 'Soni', 'nice', 18);
INSERT INTO films (id, name, description, director_id) VALUES (21, 'Evening Shadows', 'hot', 52);
INSERT INTO films (id, name, description, director_id) VALUES (22, 'Cabaret', 'magic', 56);
INSERT INTO films (id, name, description, director_id) VALUES (23, 'Soni', 'oval ', 66);
INSERT INTO films (id, name, description, director_id) VALUES (24, 'The Green Mile', 'hot', 17);
INSERT INTO films (id, name, description, director_id) VALUES (25, 'Hamid', 'magic', 71);
INSERT INTO films (id, name, description, director_id) VALUES (26, 'Cabaret', 'soft', 23);
INSERT INTO films (id, name, description, director_id) VALUES (27, 'Soni', 'hot', 10);
INSERT INTO films (id, name, description, director_id) VALUES (28, 'Soni', 'hot', 20);
INSERT INTO films (id, name, description, director_id) VALUES (29, 'Evening Shadows', 'sweet ', 69);
INSERT INTO films (id, name, description, director_id) VALUES (30, 'Amavas', 'fresh ', 23);
INSERT INTO films (id, name, description, director_id) VALUES (31, 'Amavas', 'fresh ', 13);
INSERT INTO films (id, name, description, director_id) VALUES (32, 'Evening Shadows', 'nice', 69);
INSERT INTO films (id, name, description, director_id) VALUES (33, 'Battalion 609', 'nice', 41);
INSERT INTO films (id, name, description, director_id) VALUES (34, 'Salt Bridge', 'fresh ', 57);
INSERT INTO films (id, name, description, director_id) VALUES (35, 'Badla', 'magic', 23);
INSERT INTO films (id, name, description, director_id) VALUES (36, 'Bombairiya', 'fresh ', 144);
INSERT INTO films (id, name, description, director_id) VALUES (37, 'Battalion 609', 'cool', 63);
INSERT INTO films (id, name, description, director_id) VALUES (38, 'Badla', 'sharp ', 55);
INSERT INTO films (id, name, description, director_id) VALUES (39, 'Hamid', 'sharp ', 52);
INSERT INTO films (id, name, description, director_id) VALUES (40, 'Cabaret', 'cool', 74);
INSERT INTO films (id, name, description, director_id) VALUES (41, 'Amavas', 'nice', 30);
INSERT INTO films (id, name, description, director_id) VALUES (42, 'Salt Bridge', 'magic', 41);
INSERT INTO films (id, name, description, director_id) VALUES (43, 'Badla', 'soft', 71);
INSERT INTO films (id, name, description, director_id) VALUES (44, 'Hamid', 'oval ', 72);
INSERT INTO films (id, name, description, director_id) VALUES (45, 'Soni', 'hot', 55);
INSERT INTO films (id, name, description, director_id) VALUES (46, 'Soni', 'fresh ', 8);
INSERT INTO films (id, name, description, director_id) VALUES (47, 'Hamid', 'sweet ', 19);
INSERT INTO films (id, name, description, director_id) VALUES (48, 'Sonchiriya', 'fresh ', 6);
INSERT INTO films (id, name, description, director_id) VALUES (49, 'Soni', 'magic', 63);
INSERT INTO films (id, name, description, director_id) VALUES (50, 'Salt Bridge', 'nice', 42);
INSERT INTO films (id, name, description, director_id) VALUES (51, 'Soni', 'sweet ', 36);
INSERT INTO films (id, name, description, director_id) VALUES (52, 'Hamid', 'nice', 56);
INSERT INTO films (id, name, description, director_id) VALUES (53, 'Battalion 609', 'magic', 26);
INSERT INTO films (id, name, description, director_id) VALUES (54, 'Bombairiya', 'nice', 444);
INSERT INTO films (id, name, description, director_id) VALUES (55, 'Battalion 609', 'hot', 38);
INSERT INTO films (id, name, description, director_id) VALUES (56, 'The Green Mile', 'soft', 4);
INSERT INTO films (id, name, description, director_id) VALUES (57, 'Soni', 'soft', 6);
INSERT INTO films (id, name, description, director_id) VALUES (58, 'The Green Mile', 'sweet ', 26);
INSERT INTO films (id, name, description, director_id) VALUES (59, 'Salt Bridge', 'sweet ', 26);
INSERT INTO films (id, name, description, director_id) VALUES (60, 'Soni', 'sharp ', 30);
INSERT INTO films (id, name, description, director_id) VALUES (61, 'Sonchiriya', 'fresh ', 61);
INSERT INTO films (id, name, description, director_id) VALUES (62, 'Salt Bridge', 'hot', 19);
INSERT INTO films (id, name, description, director_id) VALUES (63, 'Badla', 'cool', 6);
INSERT INTO films (id, name, description, director_id) VALUES (64, 'Salt Bridge', 'cool', 58);
INSERT INTO films (id, name, description, director_id) VALUES (65, 'Rangeela Raja', 'sharp ', 18);
INSERT INTO films (id, name, description, director_id) VALUES (66, 'Amavas', 'sharp ', 50);
INSERT INTO films (id, name, description, director_id) VALUES (67, 'Bombairiya', 'sweet ', 19);
INSERT INTO films (id, name, description, director_id) VALUES (68, 'Total Dhamaal', 'magic', 20);
INSERT INTO films (id, name, description, director_id) VALUES (69, 'Rangeela Raja', 'nice', 43);
INSERT INTO films (id, name, description, director_id) VALUES (70, 'Salt Bridge', 'magic', 41);
INSERT INTO films (id, name, description, director_id) VALUES (71, 'Salt Bridge', 'muffled ', 37);
INSERT INTO films (id, name, description, director_id) VALUES (72, 'Battalion 609', 'fresh ', 20);
INSERT INTO films (id, name, description, director_id) VALUES (73, 'Salt Bridge', 'muffled ', 66);
INSERT INTO films (id, name, description, director_id) VALUES (74, 'Battalion 609', 'hot', 70);
INSERT INTO films (id, name, description, director_id) VALUES (75, 'Cabaret', 'sharp ', 61);
INSERT INTO films (id, name, description, director_id) VALUES (76, 'The Green Mile', 'hot', 62);
INSERT INTO films (id, name, description, director_id) VALUES (77, 'Battalion 609', 'magic', 77);
INSERT INTO films (id, name, description, director_id) VALUES (78, 'Evening Shadows', 'hot', 24);
INSERT INTO films (id, name, description, director_id) VALUES (79, 'Sonchiriya', 'magic', 30);
INSERT INTO films (id, name, description, director_id) VALUES (80, 'Hamid', 'fresh ', 2);
INSERT INTO films (id, name, description, director_id) VALUES (81, 'Total Dhamaal', 'nice', 68);
INSERT INTO films (id, name, description, director_id) VALUES (82, 'Badla', 'nice', 76);
INSERT INTO films (id, name, description, director_id) VALUES (83, 'Hamid', 'sharp ', 15);
INSERT INTO films (id, name, description, director_id) VALUES (84, 'Evening Shadows', 'cool', 49);
INSERT INTO films (id, name, description, director_id) VALUES (85, 'Badla', 'magic', 20);
INSERT INTO films (id, name, description, director_id) VALUES (86, 'Badla', 'nice', 19);
INSERT INTO films (id, name, description, director_id) VALUES (87, 'Badla', 'sharp ', 2);
INSERT INTO films (id, name, description, director_id) VALUES (88, 'Badla', 'sweet ', 3);
INSERT INTO films (id, name, description, director_id) VALUES (89, 'The Green Mile', 'muffled ', 34);
INSERT INTO films (id, name, description, director_id) VALUES (90, 'Cabaret', 'nice', 37);
INSERT INTO films (id, name, description, director_id) VALUES (91, 'Hamid', 'magic', 6);
INSERT INTO films (id, name, description, director_id) VALUES (92, 'Rangeela Raja', 'soft', 69);
INSERT INTO films (id, name, description, director_id) VALUES (93, 'Soni', 'cool', 50);
INSERT INTO films (id, name, description, director_id) VALUES (94, 'Cabaret', 'hot', 56);
INSERT INTO films (id, name, description, director_id) VALUES (95, 'The Green Mile', 'nice', 21);
INSERT INTO films (id, name, description, director_id) VALUES (96, 'Bombairiya', 'cool', 72);
INSERT INTO films (id, name, description, director_id) VALUES (97, 'Soni', 'nice', 47);
INSERT INTO films (id, name, description, director_id) VALUES (98, 'Badla', 'magic', 17);
INSERT INTO films (id, name, description, director_id) VALUES (99, 'Rangeela Raja', 'magic', 29);
INSERT INTO films (id, name, description, director_id) VALUES (100, 'The Green Mile', 'fresh ', 55);
INSERT INTO films (id, name, description, director_id) VALUES (101, 'Bombairiya', 'magic', 47);
INSERT INTO films (id, name, description, director_id) VALUES (102, 'Total Dhamaal', 'sweet ', 6);
INSERT INTO films (id, name, description, director_id) VALUES (103, 'Amavas', 'magic', 67);
INSERT INTO films (id, name, description, director_id) VALUES (104, 'Evening Shadows', 'oval ', 44);
INSERT INTO films (id, name, description, director_id) VALUES (105, 'Hamid', 'cool', 39);
INSERT INTO films (id, name, description, director_id) VALUES (106, 'Evening Shadows', 'sweet ', 48);
INSERT INTO films (id, name, description, director_id) VALUES (107, 'Badla', 'cool', 111);
INSERT INTO films (id, name, description, director_id) VALUES (108, 'Rangeela Raja', 'oval ', 4);
INSERT INTO films (id, name, description, director_id) VALUES (109, 'Salt Bridge', 'sweet ', 9);
INSERT INTO films (id, name, description, director_id) VALUES (110, 'Rangeela Raja', 'sharp ', 75);
INSERT INTO films (id, name, description, director_id) VALUES (111, 'Salt Bridge', 'hot', 65);
INSERT INTO films (id, name, description, director_id) VALUES (112, 'Salt Bridge', 'fresh ', 41);
INSERT INTO films (id, name, description, director_id) VALUES (113, 'Bombairiya', 'oval ', 1);
INSERT INTO films (id, name, description, director_id) VALUES (114, 'Sonchiriya', 'sharp ', 23);
INSERT INTO films (id, name, description, director_id) VALUES (115, 'Salt Bridge', 'nice', 33);
INSERT INTO films (id, name, description, director_id) VALUES (116, 'Rangeela Raja', 'cool', 10);
INSERT INTO films (id, name, description, director_id) VALUES (117, 'Total Dhamaal', 'nice', 37);
INSERT INTO films (id, name, description, director_id) VALUES (118, 'Sonchiriya', 'soft', 11);
INSERT INTO films (id, name, description, director_id) VALUES (119, 'Evening Shadows', 'cool', 30);
INSERT INTO films (id, name, description, director_id) VALUES (120, 'Evening Shadows', 'soft', 9);
INSERT INTO films (id, name, description, director_id) VALUES (121, 'Sonchiriya', 'cool', 30);
INSERT INTO films (id, name, description, director_id) VALUES (122, 'Hamid', 'hot', 11);
INSERT INTO films (id, name, description, director_id) VALUES (123, 'Cabaret', 'soft', 21);
INSERT INTO films (id, name, description, director_id) VALUES (124, 'Amavas', 'magic', 37);
INSERT INTO films (id, name, description, director_id) VALUES (125, 'Soni', 'cool', 63);
INSERT INTO films (id, name, description, director_id) VALUES (126, 'The Green Mile', 'muffled ', 32);
INSERT INTO films (id, name, description, director_id) VALUES (127, 'Rangeela Raja', 'sweet ', 222);
INSERT INTO films (id, name, description, director_id) VALUES (128, 'The Green Mile', 'cool', 17);
INSERT INTO films (id, name, description, director_id) VALUES (129, 'Sonchiriya', 'nice', 11);
INSERT INTO films (id, name, description, director_id) VALUES (130, 'Sonchiriya', 'muffled ', 33);
INSERT INTO films (id, name, description, director_id) VALUES (131, 'Total Dhamaal', 'muffled ', 24);
INSERT INTO films (id, name, description, director_id) VALUES (132, 'Rangeela Raja', 'fresh ', 74);
INSERT INTO films (id, name, description, director_id) VALUES (133, 'Bombairiya', 'soft', 54);
INSERT INTO films (id, name, description, director_id) VALUES (134, 'Badla', 'cool', 17);
INSERT INTO films (id, name, description, director_id) VALUES (135, 'Soni', 'fresh ', 41);
INSERT INTO films (id, name, description, director_id) VALUES (136, 'The Green Mile', 'hot', 6);
INSERT INTO films (id, name, description, director_id) VALUES (137, 'Cabaret', 'fresh ', 9);
INSERT INTO films (id, name, description, director_id) VALUES (138, 'Evening Shadows', 'soft', 67);
INSERT INTO films (id, name, description, director_id) VALUES (139, 'Badla', 'soft', 22);
INSERT INTO films (id, name, description, director_id) VALUES (140, 'Bombairiya', 'nice', 65);
INSERT INTO films (id, name, description, director_id) VALUES (141, 'Total Dhamaal', 'sharp ', 33);
INSERT INTO films (id, name, description, director_id) VALUES (142, 'The Green Mile', 'soft', 70);
INSERT INTO films (id, name, description, director_id) VALUES (143, 'Cabaret', 'nice', 35);
INSERT INTO films (id, name, description, director_id) VALUES (144, 'Badla', 'cool', 55);
INSERT INTO films (id, name, description, director_id) VALUES (145, 'Amavas', 'cool', 52);
INSERT INTO films (id, name, description, director_id) VALUES (146, 'Hamid', 'fresh ', 49);
INSERT INTO films (id, name, description, director_id) VALUES (147, 'Sonchiriya', 'oval ', 21);
INSERT INTO films (id, name, description, director_id) VALUES (148, 'Total Dhamaal', 'soft', 10);
INSERT INTO films (id, name, description, director_id) VALUES (149, 'The Green Mile', 'nice', 58);
INSERT INTO films (id, name, description, director_id) VALUES (150, 'The Green Mile', 'fresh ', 74);
INSERT INTO films (id, name, description, director_id) VALUES (151, 'Hamid', 'sweet ', 69);
INSERT INTO films (id, name, description, director_id) VALUES (152, 'Rangeela Raja', 'nice', 42);
INSERT INTO films (id, name, description, director_id) VALUES (153, 'Battalion 609', 'magic', 38);
INSERT INTO films (id, name, description, director_id) VALUES (154, 'Battalion 609', 'muffled ', 3);
INSERT INTO films (id, name, description, director_id) VALUES (155, 'Total Dhamaal', 'soft', 62);
INSERT INTO films (id, name, description, director_id) VALUES (156, 'Battalion 609', 'oval ', 26);
INSERT INTO films (id, name, description, director_id) VALUES (157, 'Bombairiya', 'sweet ', 76);
INSERT INTO films (id, name, description, director_id) VALUES (158, 'Badla', 'magic', 47);
INSERT INTO films (id, name, description, director_id) VALUES (159, 'Bombairiya', 'hot', 42);
INSERT INTO films (id, name, description, director_id) VALUES (160, 'Soni', 'sweet ', 48);
INSERT INTO films (id, name, description, director_id) VALUES (161, 'Sonchiriya', 'sweet ', 17);
INSERT INTO films (id, name, description, director_id) VALUES (162, 'The Green Mile', 'hot', 69);
INSERT INTO films (id, name, description, director_id) VALUES (163, 'Rangeela Raja', 'nice', 41);
INSERT INTO films (id, name, description, director_id) VALUES (164, 'Hamid', 'muffled ', 40);
INSERT INTO films (id, name, description, director_id) VALUES (165, 'Cabaret', 'hot', 14);
INSERT INTO films (id, name, description, director_id) VALUES (166, 'Battalion 609', 'nice', 68);
INSERT INTO films (id, name, description, director_id) VALUES (167, 'Badla', 'nice', 4);
INSERT INTO films (id, name, description, director_id) VALUES (168, 'Rangeela Raja', 'soft', 23);
INSERT INTO films (id, name, description, director_id) VALUES (169, 'Battalion 609', 'sharp ', 72);
INSERT INTO films (id, name, description, director_id) VALUES (170, 'Salt Bridge', 'nice', 60);
INSERT INTO films (id, name, description, director_id) VALUES (171, 'Battalion 609', 'fresh ', 69);
INSERT INTO films (id, name, description, director_id) VALUES (172, 'Badla', 'fresh ', 40);
INSERT INTO films (id, name, description, director_id) VALUES (173, 'Hamid', 'sweet ', 57);
INSERT INTO films (id, name, description, director_id) VALUES (174, 'Salt Bridge', 'soft', 4);
INSERT INTO films (id, name, description, director_id) VALUES (175, 'Cabaret', 'cool', 28);
INSERT INTO films (id, name, description, director_id) VALUES (176, 'Battalion 609', 'nice', 24);
INSERT INTO films (id, name, description, director_id) VALUES (177, 'Cabaret', 'cool', 33);
INSERT INTO films (id, name, description, director_id) VALUES (178, 'Bombairiya', 'hot', 41);
INSERT INTO films (id, name, description, director_id) VALUES (179, 'The Green Mile', 'soft', 8);
INSERT INTO films (id, name, description, director_id) VALUES (180, 'Battalion 609', 'sharp ', 51);
INSERT INTO films (id, name, description, director_id) VALUES (181, 'Soni', 'muffled ', 72);
INSERT INTO films (id, name, description, director_id) VALUES (182, 'Salt Bridge', 'sweet ', 38);
INSERT INTO films (id, name, description, director_id) VALUES (183, 'Salt Bridge', 'sharp ', 57);
INSERT INTO films (id, name, description, director_id) VALUES (184, 'Sonchiriya', 'hot', 61);
INSERT INTO films (id, name, description, director_id) VALUES (185, 'Cabaret', 'nice', 52);
INSERT INTO films (id, name, description, director_id) VALUES (186, 'Cabaret', 'muffled ', 62);
INSERT INTO films (id, name, description, director_id) VALUES (187, 'Amavas', 'soft', 14);
INSERT INTO films (id, name, description, director_id) VALUES (188, 'Soni', 'soft', 75);
INSERT INTO films (id, name, description, director_id) VALUES (189, 'Amavas', 'sweet ', 10);
INSERT INTO films (id, name, description, director_id) VALUES (190, 'Total Dhamaal', 'sharp ', 18);
INSERT INTO films (id, name, description, director_id) VALUES (191, 'Cabaret', 'fresh ', 5);
INSERT INTO films (id, name, description, director_id) VALUES (192, 'Battalion 609', 'fresh ', 13);
INSERT INTO films (id, name, description, director_id) VALUES (193, 'Total Dhamaal', 'muffled ', 46);
INSERT INTO films (id, name, description, director_id) VALUES (194, 'Hamid', 'muffled ', 41);
INSERT INTO films (id, name, description, director_id) VALUES (195, 'Sonchiriya', 'cool', 46);
INSERT INTO films (id, name, description, director_id) VALUES (196, 'Battalion 609', 'soft', 79);
INSERT INTO films (id, name, description, director_id) VALUES (197, 'Total Dhamaal', 'oval ', 52);
INSERT INTO films (id, name, description, director_id) VALUES (198, 'Battalion 609', 'sharp ', 10);
INSERT INTO films (id, name, description, director_id) VALUES (199, 'Total Dhamaal', 'muffled ', 39);
INSERT INTO films (id, name, description, director_id) VALUES (200, 'Cabaret', 'muffled ', 333);
INSERT INTO films (id, name, description, director_id) VALUES (201, 'Salt Bridge', 'soft', 66);
INSERT INTO films (id, name, description, director_id) VALUES (202, 'Hamid', 'hot', 28);
INSERT INTO films (id, name, description, director_id) VALUES (203, 'Sonchiriya', 'muffled ', 30);
INSERT INTO films (id, name, description, director_id) VALUES (204, 'Cabaret', 'sweet ', 77);
INSERT INTO films (id, name, description, director_id) VALUES (205, 'Total Dhamaal', 'magic', 43);
INSERT INTO films (id, name, description, director_id) VALUES (206, 'Total Dhamaal', 'soft', 59);
INSERT INTO films (id, name, description, director_id) VALUES (207, 'Rangeela Raja', 'fresh ', 76);
INSERT INTO films (id, name, description, director_id) VALUES (208, 'Sonchiriya', 'oval ', 72);
INSERT INTO films (id, name, description, director_id) VALUES (209, 'Salt Bridge', 'sweet ', 18);
INSERT INTO films (id, name, description, director_id) VALUES (210, 'The Green Mile', 'oval ', 65);
INSERT INTO films (id, name, description, director_id) VALUES (211, 'Evening Shadows', 'hot', 65);
INSERT INTO films (id, name, description, director_id) VALUES (212, 'Total Dhamaal', 'soft', 28);
INSERT INTO films (id, name, description, director_id) VALUES (213, 'Total Dhamaal', 'magic', 54);
INSERT INTO films (id, name, description, director_id) VALUES (214, 'Battalion 609', 'nice', 49);
INSERT INTO films (id, name, description, director_id) VALUES (215, 'Sonchiriya', 'cool', 57);
INSERT INTO films (id, name, description, director_id) VALUES (216, 'Total Dhamaal', 'soft', 61);
INSERT INTO films (id, name, description, director_id) VALUES (217, 'Cabaret', 'sweet ', 47);
INSERT INTO films (id, name, description, director_id) VALUES (218, 'Bombairiya', 'muffled ', 59);
INSERT INTO films (id, name, description, director_id) VALUES (219, 'Soni', 'cool', 56);
INSERT INTO films (id, name, description, director_id) VALUES (220, 'Hamid', 'cool', 31);
INSERT INTO films (id, name, description, director_id) VALUES (221, 'Battalion 609', 'nice', 72);
INSERT INTO films (id, name, description, director_id) VALUES (222, 'Evening Shadows', 'magic', 25);
INSERT INTO films (id, name, description, director_id) VALUES (223, 'Sonchiriya', 'cool', 2);
INSERT INTO films (id, name, description, director_id) VALUES (224, 'Soni', 'magic', 38);
INSERT INTO films (id, name, description, director_id) VALUES (225, 'Battalion 609', 'soft', 43);
INSERT INTO films (id, name, description, director_id) VALUES (226, 'Cabaret', 'hot', 46);
INSERT INTO films (id, name, description, director_id) VALUES (227, 'Bombairiya', 'magic', 50);
INSERT INTO films (id, name, description, director_id) VALUES (228, 'Hamid', 'nice', 24);
INSERT INTO films (id, name, description, director_id) VALUES (229, 'Battalion 609', 'muffled ', 50);
INSERT INTO films (id, name, description, director_id) VALUES (230, 'Badla', 'cool', 75);
INSERT INTO films (id, name, description, director_id) VALUES (231, 'Badla', 'soft', 8);
INSERT INTO films (id, name, description, director_id) VALUES (232, 'Badla', 'magic', 56);
INSERT INTO films (id, name, description, director_id) VALUES (233, 'Bombairiya', 'soft', 18);
INSERT INTO films (id, name, description, director_id) VALUES (234, 'Badla', 'cool', 32);
INSERT INTO films (id, name, description, director_id) VALUES (235, 'Badla', 'sharp ', 74);
INSERT INTO films (id, name, description, director_id) VALUES (236, 'Soni', 'cool', 74);
INSERT INTO films (id, name, description, director_id) VALUES (237, 'Battalion 609', 'hot', 33);
INSERT INTO films (id, name, description, director_id) VALUES (238, 'Rangeela Raja', 'fresh ', 9);
INSERT INTO films (id, name, description, director_id) VALUES (239, 'The Green Mile', 'cool', 25);
INSERT INTO films (id, name, description, director_id) VALUES (240, 'Hamid', 'muffled ', 13);
INSERT INTO films (id, name, description, director_id) VALUES (241, 'Sonchiriya', 'sweet ', 27);
INSERT INTO films (id, name, description, director_id) VALUES (242, 'Sonchiriya', 'muffled ', 52);
INSERT INTO films (id, name, description, director_id) VALUES (243, 'Rangeela Raja', 'soft', 42);
INSERT INTO films (id, name, description, director_id) VALUES (244, 'Soni', 'muffled ', 4);
INSERT INTO films (id, name, description, director_id) VALUES (245, 'Cabaret', 'oval ', 36);
INSERT INTO films (id, name, description, director_id) VALUES (246, 'Hamid', 'hot', 55);
INSERT INTO films (id, name, description, director_id) VALUES (247, 'Bombairiya', 'cool', 12);
INSERT INTO films (id, name, description, director_id) VALUES (248, 'Badla', 'oval ', 37);
INSERT INTO films (id, name, description, director_id) VALUES (249, 'Bombairiya', 'sweet ', 38);
INSERT INTO films (id, name, description, director_id) VALUES (250, 'Soni', 'muffled ', 11);
INSERT INTO films (id, name, description, director_id) VALUES (251, 'Badla', 'fresh ', 32);
INSERT INTO films (id, name, description, director_id) VALUES (252, 'Amavas', 'sharp ', 71);
INSERT INTO films (id, name, description, director_id) VALUES (253, 'Bombairiya', 'cool', 75);
INSERT INTO films (id, name, description, director_id) VALUES (254, 'Hamid', 'muffled ', 46);
INSERT INTO films (id, name, description, director_id) VALUES (255, 'Cabaret', 'sharp ', 44);
INSERT INTO films (id, name, description, director_id) VALUES (256, 'Evening Shadows', 'sharp ', 3);
INSERT INTO films (id, name, description, director_id) VALUES (257, 'Soni', 'soft', 11);
INSERT INTO films (id, name, description, director_id) VALUES (258, 'The Green Mile', 'magic', 58);
INSERT INTO films (id, name, description, director_id) VALUES (259, 'Bombairiya', 'hot', 20);
INSERT INTO films (id, name, description, director_id) VALUES (260, 'Salt Bridge', 'nice', 21);
INSERT INTO films (id, name, description, director_id) VALUES (261, 'Battalion 609', 'nice', 53);
INSERT INTO films (id, name, description, director_id) VALUES (262, 'Evening Shadows', 'hot', 45);
INSERT INTO films (id, name, description, director_id) VALUES (263, 'Evening Shadows', 'sharp ', 39);
INSERT INTO films (id, name, description, director_id) VALUES (264, 'Evening Shadows', 'cool', 10);
INSERT INTO films (id, name, description, director_id) VALUES (265, 'Bombairiya', 'hot', 51);
INSERT INTO films (id, name, description, director_id) VALUES (266, 'Evening Shadows', 'cool', 56);
INSERT INTO films (id, name, description, director_id) VALUES (267, 'The Green Mile', 'magic', 35);
INSERT INTO films (id, name, description, director_id) VALUES (268, 'The Green Mile', 'sharp ', 42);
INSERT INTO films (id, name, description, director_id) VALUES (269, 'Soni', 'cool', 41);
INSERT INTO films (id, name, description, director_id) VALUES (270, 'Sonchiriya', 'magic', 77);
INSERT INTO films (id, name, description, director_id) VALUES (271, 'Salt Bridge', 'fresh ', 63);
INSERT INTO films (id, name, description, director_id) VALUES (272, 'Amavas', 'hot', 52);
INSERT INTO films (id, name, description, director_id) VALUES (273, 'Cabaret', 'soft', 59);
INSERT INTO films (id, name, description, director_id) VALUES (274, 'Cabaret', 'fresh ', 66);
INSERT INTO films (id, name, description, director_id) VALUES (275, 'Badla', 'sweet ', 41);
INSERT INTO films (id, name, description, director_id) VALUES (276, 'Sonchiriya', 'magic', 25);
INSERT INTO films (id, name, description, director_id) VALUES (277, 'Bombairiya', 'magic', 41);
INSERT INTO films (id, name, description, director_id) VALUES (278, 'Evening Shadows', 'cool', 35);
INSERT INTO films (id, name, description, director_id) VALUES (279, 'The Green Mile', 'soft', 78);
INSERT INTO films (id, name, description, director_id) VALUES (280, 'The Green Mile', 'sweet ', 33);
INSERT INTO films (id, name, description, director_id) VALUES (281, 'Badla', 'magic', 76);
INSERT INTO films (id, name, description, director_id) VALUES (282, 'Amavas', 'sharp ', 37);
INSERT INTO films (id, name, description, director_id) VALUES (283, 'Evening Shadows', 'sweet ', 58);
INSERT INTO films (id, name, description, director_id) VALUES (284, 'Bombairiya', 'oval ', 43);
INSERT INTO films (id, name, description, director_id) VALUES (285, 'Total Dhamaal', 'sweet ', 50);
INSERT INTO films (id, name, description, director_id) VALUES (286, 'Evening Shadows', 'fresh ', 30);
INSERT INTO films (id, name, description, director_id) VALUES (287, 'Salt Bridge', 'muffled ', 18);
INSERT INTO films (id, name, description, director_id) VALUES (288, 'Salt Bridge', 'muffled ', 12);
INSERT INTO films (id, name, description, director_id) VALUES (289, 'Salt Bridge', 'sweet ', 59);
INSERT INTO films (id, name, description, director_id) VALUES (290, 'Hamid', 'oval ', 39);
INSERT INTO films (id, name, description, director_id) VALUES (291, 'Cabaret', 'soft', 34);
INSERT INTO films (id, name, description, director_id) VALUES (292, 'Bombairiya', 'nice', 34);
INSERT INTO films (id, name, description, director_id) VALUES (293, 'Sonchiriya', 'hot', 49);
INSERT INTO films (id, name, description, director_id) VALUES (294, 'Bombairiya', 'nice', 53);
INSERT INTO films (id, name, description, director_id) VALUES (295, 'The Green Mile', 'cool', 65);
INSERT INTO films (id, name, description, director_id) VALUES (296, 'Badla', 'fresh ', 14);
INSERT INTO films (id, name, description, director_id) VALUES (297, 'Badla', 'sharp ', 66);
INSERT INTO films (id, name, description, director_id) VALUES (298, 'Bombairiya', 'nice', 45);
INSERT INTO films (id, name, description, director_id) VALUES (299, 'Battalion 609', 'fresh ', 19);
INSERT INTO films (id, name, description, director_id) VALUES (300, 'Soni', 'soft', 23);
INSERT INTO films (id, name, description, director_id) VALUES (301, 'Rangeela Raja', 'magic', 40);
INSERT INTO films (id, name, description, director_id) VALUES (302, 'Battalion 609', 'oval ', 56);
INSERT INTO films (id, name, description, director_id) VALUES (303, 'The Green Mile', 'cool', 75);
INSERT INTO films (id, name, description, director_id) VALUES (304, 'Soni', 'fresh ', 51);
INSERT INTO films (id, name, description, director_id) VALUES (305, 'Cabaret', 'muffled ', 62);
INSERT INTO films (id, name, description, director_id) VALUES (306, 'Cabaret', 'sharp ', 21);
INSERT INTO films (id, name, description, director_id) VALUES (307, 'The Green Mile', 'nice', 23);
INSERT INTO films (id, name, description, director_id) VALUES (308, 'Sonchiriya', 'fresh ', 32);
INSERT INTO films (id, name, description, director_id) VALUES (309, 'Bombairiya', 'cool', 35);
INSERT INTO films (id, name, description, director_id) VALUES (310, 'The Green Mile', 'fresh ', 79);
INSERT INTO films (id, name, description, director_id) VALUES (311, 'Cabaret', 'nice', 21);
INSERT INTO films (id, name, description, director_id) VALUES (312, 'Total Dhamaal', 'fresh ', 65);
INSERT INTO films (id, name, description, director_id) VALUES (313, 'Bombairiya', 'nice', 22);
INSERT INTO films (id, name, description, director_id) VALUES (314, 'Sonchiriya', 'sharp ', 4);
INSERT INTO films (id, name, description, director_id) VALUES (315, 'Rangeela Raja', 'fresh ', 8);
INSERT INTO films (id, name, description, director_id) VALUES (316, 'Salt Bridge', 'cool', 22);
INSERT INTO films (id, name, description, director_id) VALUES (317, 'Battalion 609', 'cool', 12);
INSERT INTO films (id, name, description, director_id) VALUES (318, 'Soni', 'muffled ', 64);
INSERT INTO films (id, name, description, director_id) VALUES (319, 'Sonchiriya', 'oval ', 4);
INSERT INTO films (id, name, description, director_id) VALUES (320, 'Badla', 'sharp ', 71);
INSERT INTO films (id, name, description, director_id) VALUES (321, 'Cabaret', 'sharp ', 54);
INSERT INTO films (id, name, description, director_id) VALUES (322, 'Rangeela Raja', 'magic', 74);
INSERT INTO films (id, name, description, director_id) VALUES (323, 'Sonchiriya', 'soft', 68);
INSERT INTO films (id, name, description, director_id) VALUES (324, 'The Green Mile', 'sweet ', 8);
INSERT INTO films (id, name, description, director_id) VALUES (325, 'The Green Mile', 'cool', 16);
INSERT INTO films (id, name, description, director_id) VALUES (326, 'Hamid', 'sharp ', 40);
INSERT INTO films (id, name, description, director_id) VALUES (327, 'Hamid', 'magic', 38);
INSERT INTO films (id, name, description, director_id) VALUES (328, 'Badla', 'nice', 74);
INSERT INTO films (id, name, description, director_id) VALUES (329, 'Rangeela Raja', 'oval ', 13);
INSERT INTO films (id, name, description, director_id) VALUES (330, 'Soni', 'cool', 43);
INSERT INTO films (id, name, description, director_id) VALUES (331, 'Total Dhamaal', 'sweet ', 71);
INSERT INTO films (id, name, description, director_id) VALUES (332, 'Cabaret', 'soft', 14);
INSERT INTO films (id, name, description, director_id) VALUES (333, 'Battalion 609', 'sweet ', 48);
INSERT INTO films (id, name, description, director_id) VALUES (334, 'Hamid', 'magic', 56);
INSERT INTO films (id, name, description, director_id) VALUES (335, 'Sonchiriya', 'muffled ', 46);
INSERT INTO films (id, name, description, director_id) VALUES (336, 'The Green Mile', 'sweet ', 26);
INSERT INTO films (id, name, description, director_id) VALUES (337, 'Battalion 609', 'fresh ', 8);
INSERT INTO films (id, name, description, director_id) VALUES (338, 'Salt Bridge', 'sweet ', 72);
INSERT INTO films (id, name, description, director_id) VALUES (339, 'Amavas', 'cool', 5);
INSERT INTO films (id, name, description, director_id) VALUES (340, 'Bombairiya', 'hot', 42);
INSERT INTO films (id, name, description, director_id) VALUES (341, 'Bombairiya', 'nice', 61);
INSERT INTO films (id, name, description, director_id) VALUES (342, 'The Green Mile', 'cool', 25);
INSERT INTO films (id, name, description, director_id) VALUES (343, 'Bombairiya', 'magic', 71);
INSERT INTO films (id, name, description, director_id) VALUES (344, 'Total Dhamaal', 'oval ', 61);
INSERT INTO films (id, name, description, director_id) VALUES (345, 'Cabaret', 'muffled ', 62);
INSERT INTO films (id, name, description, director_id) VALUES (346, 'Badla', 'hot', 73);
INSERT INTO films (id, name, description, director_id) VALUES (347, 'Badla', 'oval ', 79);
INSERT INTO films (id, name, description, director_id) VALUES (348, 'Evening Shadows', 'soft', 15);
INSERT INTO films (id, name, description, director_id) VALUES (349, 'Badla', 'sharp ', 54);
INSERT INTO films (id, name, description, director_id) VALUES (350, 'Battalion 609', 'oval ', 7);
INSERT INTO films (id, name, description, director_id) VALUES (351, 'The Green Mile', 'cool', 60);
INSERT INTO films (id, name, description, director_id) VALUES (352, 'Sonchiriya', 'sweet ', 33);
INSERT INTO films (id, name, description, director_id) VALUES (353, 'The Green Mile', 'magic', 30);
INSERT INTO films (id, name, description, director_id) VALUES (354, 'Rangeela Raja', 'hot', 45);
INSERT INTO films (id, name, description, director_id) VALUES (355, 'Soni', 'cool', 32);
INSERT INTO films (id, name, description, director_id) VALUES (356, 'Badla', 'fresh ', 58);
INSERT INTO films (id, name, description, director_id) VALUES (357, 'Total Dhamaal', 'nice', 62);
INSERT INTO films (id, name, description, director_id) VALUES (358, 'Cabaret', 'fresh ', 27);
INSERT INTO films (id, name, description, director_id) VALUES (359, 'Bombairiya', 'nice', 64);
INSERT INTO films (id, name, description, director_id) VALUES (360, 'Badla', 'nice', 4);
INSERT INTO films (id, name, description, director_id) VALUES (361, 'Badla', 'muffled ', 10);
INSERT INTO films (id, name, description, director_id) VALUES (362, 'Battalion 609', 'muffled ', 34);
INSERT INTO films (id, name, description, director_id) VALUES (363, 'Badla', 'fresh ', 24);
INSERT INTO films (id, name, description, director_id) VALUES (364, 'Evening Shadows', 'muffled ', 79);
INSERT INTO films (id, name, description, director_id) VALUES (365, 'Amavas', 'nice', 1);
INSERT INTO films (id, name, description, director_id) VALUES (366, 'Hamid', 'sweet ', 60);
INSERT INTO films (id, name, description, director_id) VALUES (367, 'The Green Mile', 'hot', 14);
INSERT INTO films (id, name, description, director_id) VALUES (368, 'Battalion 609', 'soft', 17);
INSERT INTO films (id, name, description, director_id) VALUES (369, 'Amavas', 'sharp ', 58);
INSERT INTO films (id, name, description, director_id) VALUES (370, 'The Green Mile', 'soft', 54);
INSERT INTO films (id, name, description, director_id) VALUES (371, 'The Green Mile', 'sweet ', 32);
INSERT INTO films (id, name, description, director_id) VALUES (372, 'Sonchiriya', 'hot', 18);
INSERT INTO films (id, name, description, director_id) VALUES (373, 'Battalion 609', 'magic', 73);
INSERT INTO films (id, name, description, director_id) VALUES (374, 'Cabaret', 'hot', 55);
INSERT INTO films (id, name, description, director_id) VALUES (375, 'Salt Bridge', 'hot', 35);
INSERT INTO films (id, name, description, director_id) VALUES (376, 'The Green Mile', 'soft', 50);
INSERT INTO films (id, name, description, director_id) VALUES (377, 'Salt Bridge', 'magic', 46);
INSERT INTO films (id, name, description, director_id) VALUES (378, 'Salt Bridge', 'oval ', 74);
INSERT INTO films (id, name, description, director_id) VALUES (379, 'Battalion 609', 'magic', 6);
INSERT INTO films (id, name, description, director_id) VALUES (380, 'Cabaret', 'cool', 77);
INSERT INTO films (id, name, description, director_id) VALUES (381, 'Bombairiya', 'oval ', 63);
INSERT INTO films (id, name, description, director_id) VALUES (382, 'Sonchiriya', 'hot', 23);
INSERT INTO films (id, name, description, director_id) VALUES (383, 'Hamid', 'hot', 19);
INSERT INTO films (id, name, description, director_id) VALUES (384, 'The Green Mile', 'nice', 39);
INSERT INTO films (id, name, description, director_id) VALUES (385, 'Sonchiriya', 'oval ', 46);
INSERT INTO films (id, name, description, director_id) VALUES (386, 'Evening Shadows', 'sharp ', 48);
INSERT INTO films (id, name, description, director_id) VALUES (387, 'Battalion 609', 'oval ', 112);
INSERT INTO films (id, name, description, director_id) VALUES (388, 'Badla', 'hot', 30);
INSERT INTO films (id, name, description, director_id) VALUES (389, 'Salt Bridge', 'oval ', 30);
INSERT INTO films (id, name, description, director_id) VALUES (390, 'Badla', 'soft', 16);
INSERT INTO films (id, name, description, director_id) VALUES (391, 'Salt Bridge', 'cool', 15);
INSERT INTO films (id, name, description, director_id) VALUES (392, 'Evening Shadows', 'nice', 29);
INSERT INTO films (id, name, description, director_id) VALUES (393, 'Evening Shadows', 'cool', 17);
INSERT INTO films (id, name, description, director_id) VALUES (394, 'Rangeela Raja', 'sweet ', 39);
INSERT INTO films (id, name, description, director_id) VALUES (395, 'Sonchiriya', 'fresh ', 4);
INSERT INTO films (id, name, description, director_id) VALUES (396, 'Battalion 609', 'cool', 2);
INSERT INTO films (id, name, description, director_id) VALUES (397, 'Total Dhamaal', 'cool', 37);
INSERT INTO films (id, name, description, director_id) VALUES (398, 'Salt Bridge', 'cool', 68);
INSERT INTO films (id, name, description, director_id) VALUES (399, 'Evening Shadows', 'sharp ', 39);
INSERT INTO films (id, name, description, director_id) VALUES (400, 'Soni', 'soft', 64);
INSERT INTO films (id, name, description, director_id) VALUES (401, 'Bombairiya', 'sharp ', 36);
INSERT INTO films (id, name, description, director_id) VALUES (402, 'Hamid', 'cool', 67);
INSERT INTO films (id, name, description, director_id) VALUES (403, 'Soni', 'sharp ', 4);
INSERT INTO films (id, name, description, director_id) VALUES (404, 'Hamid', 'soft', 8);
INSERT INTO films (id, name, description, director_id) VALUES (405, 'Soni', 'hot', 30);
INSERT INTO films (id, name, description, director_id) VALUES (406, 'Amavas', 'hot', 48);
INSERT INTO films (id, name, description, director_id) VALUES (407, 'Battalion 609', 'sharp ', 32);
INSERT INTO films (id, name, description, director_id) VALUES (408, 'Cabaret', 'magic', 71);
INSERT INTO films (id, name, description, director_id) VALUES (409, 'Evening Shadows', 'hot', 43);
INSERT INTO films (id, name, description, director_id) VALUES (410, 'The Green Mile', 'muffled ', 10);
INSERT INTO films (id, name, description, director_id) VALUES (411, 'The Green Mile', 'muffled ', 57);
INSERT INTO films (id, name, description, director_id) VALUES (412, 'Evening Shadows', 'oval ', 56);
INSERT INTO films (id, name, description, director_id) VALUES (413, 'The Green Mile', 'fresh ', 26);
INSERT INTO films (id, name, description, director_id) VALUES (414, 'Hamid', 'cool', 9);
INSERT INTO films (id, name, description, director_id) VALUES (415, 'Bombairiya', 'cool', 26);
INSERT INTO films (id, name, description, director_id) VALUES (416, 'Amavas', 'sweet ', 24);
INSERT INTO films (id, name, description, director_id) VALUES (417, 'Total Dhamaal', 'magic', 64);
INSERT INTO films (id, name, description, director_id) VALUES (418, 'Amavas', 'hot', 19);
INSERT INTO films (id, name, description, director_id) VALUES (419, 'Cabaret', 'hot', 46);
INSERT INTO films (id, name, description, director_id) VALUES (420, 'Bombairiya', 'magic', 52);
INSERT INTO films (id, name, description, director_id) VALUES (421, 'Salt Bridge', 'muffled ', 2);
INSERT INTO films (id, name, description, director_id) VALUES (422, 'Total Dhamaal', 'cool', 64);
INSERT INTO films (id, name, description, director_id) VALUES (423, 'Battalion 609', 'muffled ', 27);
INSERT INTO films (id, name, description, director_id) VALUES (424, 'Cabaret', 'magic', 56);
INSERT INTO films (id, name, description, director_id) VALUES (425, 'Battalion 609', 'muffled ', 75);
INSERT INTO films (id, name, description, director_id) VALUES (426, 'Cabaret', 'muffled ', 75);
INSERT INTO films (id, name, description, director_id) VALUES (427, 'Battalion 609', 'nice', 76);
INSERT INTO films (id, name, description, director_id) VALUES (428, 'Sonchiriya', 'oval ', 73);
INSERT INTO films (id, name, description, director_id) VALUES (429, 'Salt Bridge', 'oval ', 7);
INSERT INTO films (id, name, description, director_id) VALUES (430, 'Soni', 'hot', 19);
INSERT INTO films (id, name, description, director_id) VALUES (431, 'Evening Shadows', 'fresh ', 35);
INSERT INTO films (id, name, description, director_id) VALUES (432, 'Salt Bridge', 'soft', 36);
INSERT INTO films (id, name, description, director_id) VALUES (433, 'Salt Bridge', 'fresh ', 38);
INSERT INTO films (id, name, description, director_id) VALUES (434, 'Sonchiriya', 'magic', 42);
INSERT INTO films (id, name, description, director_id) VALUES (435, 'Amavas', 'cool', 15);
INSERT INTO films (id, name, description, director_id) VALUES (436, 'Rangeela Raja', 'fresh ', 59);
INSERT INTO films (id, name, description, director_id) VALUES (437, 'Amavas', 'magic', 7);
INSERT INTO films (id, name, description, director_id) VALUES (438, 'Rangeela Raja', 'oval ', 65);
INSERT INTO films (id, name, description, director_id) VALUES (439, 'Amavas', 'oval ', 51);
INSERT INTO films (id, name, description, director_id) VALUES (440, 'Soni', 'cool', 1);
INSERT INTO films (id, name, description, director_id) VALUES (441, 'Salt Bridge', 'fresh ', 34);
INSERT INTO films (id, name, description, director_id) VALUES (442, 'Amavas', 'sweet ', 27);
INSERT INTO films (id, name, description, director_id) VALUES (443, 'Soni', 'soft', 53);
INSERT INTO films (id, name, description, director_id) VALUES (444, 'Cabaret', 'fresh ', 70);
INSERT INTO films (id, name, description, director_id) VALUES (445, 'Evening Shadows', 'hot', 20);
INSERT INTO films (id, name, description, director_id) VALUES (446, 'Sonchiriya', 'magic', 10);
INSERT INTO films (id, name, description, director_id) VALUES (447, 'Sonchiriya', 'hot', 62);
INSERT INTO films (id, name, description, director_id) VALUES (448, 'Soni', 'soft', 35);
INSERT INTO films (id, name, description, director_id) VALUES (449, 'Amavas', 'sweet ', 13);
INSERT INTO films (id, name, description, director_id) VALUES (450, 'Hamid', 'soft', 39);
INSERT INTO films (id, name, description, director_id) VALUES (451, 'Salt Bridge', 'sweet ', 28);
INSERT INTO films (id, name, description, director_id) VALUES (452, 'Badla', 'cool', 52);
INSERT INTO films (id, name, description, director_id) VALUES (453, 'Evening Shadows', 'sweet ', 20);
INSERT INTO films (id, name, description, director_id) VALUES (454, 'Salt Bridge', 'sweet ', 62);
INSERT INTO films (id, name, description, director_id) VALUES (455, 'Soni', 'hot', 73);
INSERT INTO films (id, name, description, director_id) VALUES (456, 'Battalion 609', 'hot', 78);
INSERT INTO films (id, name, description, director_id) VALUES (457, 'Bombairiya', 'fresh ', 16);
INSERT INTO films (id, name, description, director_id) VALUES (458, 'Hamid', 'soft', 56);
INSERT INTO films (id, name, description, director_id) VALUES (459, 'Salt Bridge', 'sharp ', 75);
INSERT INTO films (id, name, description, director_id) VALUES (460, 'Cabaret', 'oval ', 61);
INSERT INTO films (id, name, description, director_id) VALUES (461, 'Salt Bridge', 'oval ', 42);
INSERT INTO films (id, name, description, director_id) VALUES (462, 'Soni', 'muffled ', 50);
INSERT INTO films (id, name, description, director_id) VALUES (463, 'Sonchiriya', 'soft', 15);
INSERT INTO films (id, name, description, director_id) VALUES (464, 'Battalion 609', 'nice', 45);
INSERT INTO films (id, name, description, director_id) VALUES (465, 'Badla', 'soft', 28);
INSERT INTO films (id, name, description, director_id) VALUES (466, 'Soni', 'cool', 43);
INSERT INTO films (id, name, description, director_id) VALUES (467, 'Battalion 609', 'muffled ', 60);
INSERT INTO films (id, name, description, director_id) VALUES (468, 'Soni', 'cool', 69);
INSERT INTO films (id, name, description, director_id) VALUES (469, 'The Green Mile', 'oval ', 11);
INSERT INTO films (id, name, description, director_id) VALUES (470, 'Soni', 'fresh ', 53);
INSERT INTO films (id, name, description, director_id) VALUES (471, 'Cabaret', 'nice', 79);
INSERT INTO films (id, name, description, director_id) VALUES (472, 'Rangeela Raja', 'muffled ', 57);
INSERT INTO films (id, name, description, director_id) VALUES (473, 'Badla', 'nice', 33);
INSERT INTO films (id, name, description, director_id) VALUES (474, 'Soni', 'fresh ', 6);
INSERT INTO films (id, name, description, director_id) VALUES (475, 'Cabaret', 'cool', 4);
INSERT INTO films (id, name, description, director_id) VALUES (476, 'Hamid', 'cool', 45);
INSERT INTO films (id, name, description, director_id) VALUES (477, 'Salt Bridge', 'fresh ', 78);
INSERT INTO films (id, name, description, director_id) VALUES (478, 'Total Dhamaal', 'muffled ', 6);
INSERT INTO films (id, name, description, director_id) VALUES (479, 'Bombairiya', 'oval ', 43);
INSERT INTO films (id, name, description, director_id) VALUES (480, 'Rangeela Raja', 'muffled ', 19);
INSERT INTO films (id, name, description, director_id) VALUES (481, 'The Green Mile', 'hot', 31);
INSERT INTO films (id, name, description, director_id) VALUES (482, 'Evening Shadows', 'oval ', 77);
INSERT INTO films (id, name, description, director_id) VALUES (483, 'Salt Bridge', 'sweet ', 32);
INSERT INTO films (id, name, description, director_id) VALUES (484, 'Total Dhamaal', 'nice', 31);
INSERT INTO films (id, name, description, director_id) VALUES (485, 'Soni', 'nice', 73);
INSERT INTO films (id, name, description, director_id) VALUES (486, 'Bombairiya', 'magic', 7);
INSERT INTO films (id, name, description, director_id) VALUES (487, 'Rangeela Raja', 'hot', 17);
INSERT INTO films (id, name, description, director_id) VALUES (488, 'Sonchiriya', 'fresh ', 48);
INSERT INTO films (id, name, description, director_id) VALUES (489, 'Sonchiriya', 'fresh ', 67);
INSERT INTO films (id, name, description, director_id) VALUES (490, 'The Green Mile', 'muffled ', 31);
INSERT INTO films (id, name, description, director_id) VALUES (491, 'Total Dhamaal', 'nice', 10);
INSERT INTO films (id, name, description, director_id) VALUES (492, 'Sonchiriya', 'sharp ', 44);
INSERT INTO films (id, name, description, director_id) VALUES (493, 'Rangeela Raja', 'soft', 23);
INSERT INTO films (id, name, description, director_id) VALUES (494, 'Salt Bridge', 'soft', 60);
INSERT INTO films (id, name, description, director_id) VALUES (495, 'Soni', 'hot', 44);
INSERT INTO films (id, name, description, director_id) VALUES (496, 'Badla', 'nice', 1);
INSERT INTO films (id, name, description, director_id) VALUES (497, 'Soni', 'sweet ', 2);
INSERT INTO films (id, name, description, director_id) VALUES (498, 'Badla', 'sweet ', 32);
INSERT INTO films (id, name, description, director_id) VALUES (499, 'Total Dhamaal', 'magic', 8);
INSERT INTO films (id, name, description, director_id) VALUES (500, 'Rangeela Raja', 'hot', 67);


INSERT INTO genres (id, name, film_id) VALUES (1, 'Historical', 150);
INSERT INTO genres (id, name, film_id) VALUES (2, 'Fantasy', 488);
INSERT INTO genres (id, name, film_id) VALUES (3, 'Science', 230);
INSERT INTO genres (id, name, film_id) VALUES (4, 'Adventure', 166);
INSERT INTO genres (id, name, film_id) VALUES (5, 'Fantasy', 476);
INSERT INTO genres (id, name, film_id) VALUES (6, 'Western', 129);
INSERT INTO genres (id, name, film_id) VALUES (7, 'Adventure', 142);
INSERT INTO genres (id, name, film_id) VALUES (8, 'Horror', 400);
INSERT INTO genres (id, name, film_id) VALUES (9, 'Thriller', 401);
INSERT INTO genres (id, name, film_id) VALUES (10, 'Historical', 475);
INSERT INTO genres (id, name, film_id) VALUES (11, 'Historical', 46);
INSERT INTO genres (id, name, film_id) VALUES (12, 'Horror', 478);
INSERT INTO genres (id, name, film_id) VALUES (13, 'Animated', 457);
INSERT INTO genres (id, name, film_id) VALUES (14, 'Western', 351);
INSERT INTO genres (id, name, film_id) VALUES (15, 'Drama', 354);
INSERT INTO genres (id, name, film_id) VALUES (16, 'Drama', 114);
INSERT INTO genres (id, name, film_id) VALUES (17, 'Fantasy', 351);
INSERT INTO genres (id, name, film_id) VALUES (18, 'Action', 271);
INSERT INTO genres (id, name, film_id) VALUES (19, 'Fantasy', 474);
INSERT INTO genres (id, name, film_id) VALUES (20, 'Historical', 179);
INSERT INTO genres (id, name, film_id) VALUES (21, 'Historical', 356);
INSERT INTO genres (id, name, film_id) VALUES (22, 'Western', 274);
INSERT INTO genres (id, name, film_id) VALUES (23, 'Thriller', 464);
INSERT INTO genres (id, name, film_id) VALUES (24, 'Animated', 343);
INSERT INTO genres (id, name, film_id) VALUES (25, 'Adventure', 338);
INSERT INTO genres (id, name, film_id) VALUES (26, 'Science', 101);
INSERT INTO genres (id, name, film_id) VALUES (27, 'Thriller', 447);
INSERT INTO genres (id, name, film_id) VALUES (28, 'Science', 184);
INSERT INTO genres (id, name, film_id) VALUES (29, 'Science', 454);
INSERT INTO genres (id, name, film_id) VALUES (30, 'Animated', 266);
INSERT INTO genres (id, name, film_id) VALUES (31, 'Action', 354);
INSERT INTO genres (id, name, film_id) VALUES (32, 'Drama', 383);
INSERT INTO genres (id, name, film_id) VALUES (33, 'Horror', 111);
INSERT INTO genres (id, name, film_id) VALUES (34, 'Action', 183);
INSERT INTO genres (id, name, film_id) VALUES (35, 'Fantasy', 180);
INSERT INTO genres (id, name, film_id) VALUES (36, 'Science', 224);
INSERT INTO genres (id, name, film_id) VALUES (37, 'Fantasy', 466);
INSERT INTO genres (id, name, film_id) VALUES (38, 'Historical', 117);
INSERT INTO genres (id, name, film_id) VALUES (39, 'Fantasy', 66);
INSERT INTO genres (id, name, film_id) VALUES (40, 'Comedy', 228);
INSERT INTO genres (id, name, film_id) VALUES (41, 'Action', 334);
INSERT INTO genres (id, name, film_id) VALUES (42, 'Historical', 378);
INSERT INTO genres (id, name, film_id) VALUES (43, 'Fantasy', 154);
INSERT INTO genres (id, name, film_id) VALUES (44, 'Fantasy', 415);
INSERT INTO genres (id, name, film_id) VALUES (45, 'Historical', 3);
INSERT INTO genres (id, name, film_id) VALUES (46, 'Thriller', 293);
INSERT INTO genres (id, name, film_id) VALUES (47, 'Thriller', 273);
INSERT INTO genres (id, name, film_id) VALUES (48, 'Adventure', 269);
INSERT INTO genres (id, name, film_id) VALUES (49, 'Drama', 82);
INSERT INTO genres (id, name, film_id) VALUES (50, 'Action', 101);
INSERT INTO genres (id, name, film_id) VALUES (51, 'Science', 144);
INSERT INTO genres (id, name, film_id) VALUES (52, 'Fantasy', 145);
INSERT INTO genres (id, name, film_id) VALUES (53, 'Adventure', 150);
INSERT INTO genres (id, name, film_id) VALUES (54, 'Western', 72);
INSERT INTO genres (id, name, film_id) VALUES (55, 'Western', 427);
INSERT INTO genres (id, name, film_id) VALUES (56, 'Animated', 444);
INSERT INTO genres (id, name, film_id) VALUES (57, 'Fantasy', 61);
INSERT INTO genres (id, name, film_id) VALUES (58, 'Drama', 248);
INSERT INTO genres (id, name, film_id) VALUES (59, 'Fantasy', 42);
INSERT INTO genres (id, name, film_id) VALUES (60, 'Drama', 52);
INSERT INTO genres (id, name, film_id) VALUES (61, 'Horror', 414);
INSERT INTO genres (id, name, film_id) VALUES (62, 'Animated', 332);
INSERT INTO genres (id, name, film_id) VALUES (63, 'Historical', 326);
INSERT INTO genres (id, name, film_id) VALUES (64, 'Drama', 103);
INSERT INTO genres (id, name, film_id) VALUES (65, 'Adventure', 331);
INSERT INTO genres (id, name, film_id) VALUES (66, 'Comedy', 404);
INSERT INTO genres (id, name, film_id) VALUES (67, 'Fantasy', 233);
INSERT INTO genres (id, name, film_id) VALUES (68, 'Fantasy', 330);
INSERT INTO genres (id, name, film_id) VALUES (69, 'Animated', 266);
INSERT INTO genres (id, name, film_id) VALUES (70, 'Western', 224);
INSERT INTO genres (id, name, film_id) VALUES (71, 'Action', 358);
INSERT INTO genres (id, name, film_id) VALUES (72, 'Horror', 313);
INSERT INTO genres (id, name, film_id) VALUES (73, 'Action', 250);
INSERT INTO genres (id, name, film_id) VALUES (74, 'Adventure', 52);
INSERT INTO genres (id, name, film_id) VALUES (75, 'Action', 268);
INSERT INTO genres (id, name, film_id) VALUES (76, 'Drama', 114);
INSERT INTO genres (id, name, film_id) VALUES (77, 'Drama', 56);
INSERT INTO genres (id, name, film_id) VALUES (78, 'Horror', 493);
INSERT INTO genres (id, name, film_id) VALUES (79, 'Action', 164);
INSERT INTO genres (id, name, film_id) VALUES (80, 'Drama', 385);
INSERT INTO genres (id, name, film_id) VALUES (81, 'Historical', 414);
INSERT INTO genres (id, name, film_id) VALUES (82, 'Western', 59);
INSERT INTO genres (id, name, film_id) VALUES (83, 'Drama', 89);
INSERT INTO genres (id, name, film_id) VALUES (84, 'Comedy', 189);
INSERT INTO genres (id, name, film_id) VALUES (85, 'Drama', 40);
INSERT INTO genres (id, name, film_id) VALUES (86, 'Animated', 188);
INSERT INTO genres (id, name, film_id) VALUES (87, 'Adventure', 484);
INSERT INTO genres (id, name, film_id) VALUES (88, 'Comedy', 342);
INSERT INTO genres (id, name, film_id) VALUES (89, 'Western', 330);
INSERT INTO genres (id, name, film_id) VALUES (90, 'Western', 177);
INSERT INTO genres (id, name, film_id) VALUES (91, 'Drama', 46);
INSERT INTO genres (id, name, film_id) VALUES (92, 'Historical', 292);
INSERT INTO genres (id, name, film_id) VALUES (93, 'Adventure', 259);
INSERT INTO genres (id, name, film_id) VALUES (94, 'Science', 16);
INSERT INTO genres (id, name, film_id) VALUES (95, 'Western', 420);
INSERT INTO genres (id, name, film_id) VALUES (96, 'Adventure', 98);
INSERT INTO genres (id, name, film_id) VALUES (97, 'Thriller', 71);
INSERT INTO genres (id, name, film_id) VALUES (98, 'Thriller', 314);
INSERT INTO genres (id, name, film_id) VALUES (99, 'Science', 469);
INSERT INTO genres (id, name, film_id) VALUES (100, 'Animated', 236);
INSERT INTO genres (id, name, film_id) VALUES (101, 'Comedy', 42);
INSERT INTO genres (id, name, film_id) VALUES (102, 'Comedy', 90);
INSERT INTO genres (id, name, film_id) VALUES (103, 'Fantasy', 371);
INSERT INTO genres (id, name, film_id) VALUES (104, 'Animated', 95);
INSERT INTO genres (id, name, film_id) VALUES (105, 'Fantasy', 179);
INSERT INTO genres (id, name, film_id) VALUES (106, 'Horror', 320);
INSERT INTO genres (id, name, film_id) VALUES (107, 'Horror', 41);
INSERT INTO genres (id, name, film_id) VALUES (108, 'Western', 109);
INSERT INTO genres (id, name, film_id) VALUES (109, 'Comedy', 359);
INSERT INTO genres (id, name, film_id) VALUES (110, 'Western', 316);
INSERT INTO genres (id, name, film_id) VALUES (111, 'Western', 399);
INSERT INTO genres (id, name, film_id) VALUES (112, 'Thriller', 140);
INSERT INTO genres (id, name, film_id) VALUES (113, 'Historical', 41);
INSERT INTO genres (id, name, film_id) VALUES (114, 'Action', 40);
INSERT INTO genres (id, name, film_id) VALUES (115, 'Western', 208);
INSERT INTO genres (id, name, film_id) VALUES (116, 'Science', 317);
INSERT INTO genres (id, name, film_id) VALUES (117, 'Fantasy', 291);
INSERT INTO genres (id, name, film_id) VALUES (118, 'Animated', 180);
INSERT INTO genres (id, name, film_id) VALUES (119, 'Action', 262);
INSERT INTO genres (id, name, film_id) VALUES (120, 'Historical', 198);
INSERT INTO genres (id, name, film_id) VALUES (121, 'Science', 12);
INSERT INTO genres (id, name, film_id) VALUES (122, 'Historical', 382);
INSERT INTO genres (id, name, film_id) VALUES (123, 'Action', 400);
INSERT INTO genres (id, name, film_id) VALUES (124, 'Fantasy', 195);
INSERT INTO genres (id, name, film_id) VALUES (125, 'Horror', 362);
INSERT INTO genres (id, name, film_id) VALUES (126, 'Western', 163);
INSERT INTO genres (id, name, film_id) VALUES (127, 'Fantasy', 375);
INSERT INTO genres (id, name, film_id) VALUES (128, 'Adventure', 393);
INSERT INTO genres (id, name, film_id) VALUES (129, 'Horror', 16);
INSERT INTO genres (id, name, film_id) VALUES (130, 'Western', 168);
INSERT INTO genres (id, name, film_id) VALUES (131, 'Western', 298);
INSERT INTO genres (id, name, film_id) VALUES (132, 'Horror', 452);
INSERT INTO genres (id, name, film_id) VALUES (133, 'Horror', 479);
INSERT INTO genres (id, name, film_id) VALUES (134, 'Science', 68);
INSERT INTO genres (id, name, film_id) VALUES (135, 'Animated', 446);
INSERT INTO genres (id, name, film_id) VALUES (136, 'Science', 462);
INSERT INTO genres (id, name, film_id) VALUES (137, 'Adventure', 387);
INSERT INTO genres (id, name, film_id) VALUES (138, 'Science', 479);
INSERT INTO genres (id, name, film_id) VALUES (139, 'Science', 395);
INSERT INTO genres (id, name, film_id) VALUES (140, 'Historical', 201);
INSERT INTO genres (id, name, film_id) VALUES (141, 'Horror', 235);
INSERT INTO genres (id, name, film_id) VALUES (142, 'Fantasy', 470);
INSERT INTO genres (id, name, film_id) VALUES (143, 'Horror', 29);
INSERT INTO genres (id, name, film_id) VALUES (144, 'Thriller', 411);
INSERT INTO genres (id, name, film_id) VALUES (145, 'Action', 204);
INSERT INTO genres (id, name, film_id) VALUES (146, 'Western', 285);
INSERT INTO genres (id, name, film_id) VALUES (147, 'Action', 111);
INSERT INTO genres (id, name, film_id) VALUES (148, 'Comedy', 305);
INSERT INTO genres (id, name, film_id) VALUES (149, 'Animated', 323);
INSERT INTO genres (id, name, film_id) VALUES (150, 'Western', 80);
INSERT INTO genres (id, name, film_id) VALUES (151, 'Animated', 255);
INSERT INTO genres (id, name, film_id) VALUES (152, 'Historical', 135);
INSERT INTO genres (id, name, film_id) VALUES (153, 'Animated', 342);
INSERT INTO genres (id, name, film_id) VALUES (154, 'Western', 87);
INSERT INTO genres (id, name, film_id) VALUES (155, 'Action', 201);
INSERT INTO genres (id, name, film_id) VALUES (156, 'Fantasy', 324);
INSERT INTO genres (id, name, film_id) VALUES (157, 'Adventure', 315);
INSERT INTO genres (id, name, film_id) VALUES (158, 'Animated', 224);
INSERT INTO genres (id, name, film_id) VALUES (159, 'Science', 493);
INSERT INTO genres (id, name, film_id) VALUES (160, 'Fantasy', 230);
INSERT INTO genres (id, name, film_id) VALUES (161, 'Thriller', 33);
INSERT INTO genres (id, name, film_id) VALUES (162, 'Horror', 324);
INSERT INTO genres (id, name, film_id) VALUES (163, 'Science', 223);
INSERT INTO genres (id, name, film_id) VALUES (164, 'Science', 274);
INSERT INTO genres (id, name, film_id) VALUES (165, 'Animated', 45);
INSERT INTO genres (id, name, film_id) VALUES (166, 'Comedy', 246);
INSERT INTO genres (id, name, film_id) VALUES (167, 'Action', 174);
INSERT INTO genres (id, name, film_id) VALUES (168, 'Comedy', 275);
INSERT INTO genres (id, name, film_id) VALUES (169, 'Thriller', 147);
INSERT INTO genres (id, name, film_id) VALUES (170, 'Western', 305);
INSERT INTO genres (id, name, film_id) VALUES (171, 'Western', 291);
INSERT INTO genres (id, name, film_id) VALUES (172, 'Western', 471);
INSERT INTO genres (id, name, film_id) VALUES (173, 'Animated', 356);
INSERT INTO genres (id, name, film_id) VALUES (174, 'Horror', 27);
INSERT INTO genres (id, name, film_id) VALUES (175, 'Animated', 45);
INSERT INTO genres (id, name, film_id) VALUES (176, 'Drama', 306);
INSERT INTO genres (id, name, film_id) VALUES (177, 'Action', 465);
INSERT INTO genres (id, name, film_id) VALUES (178, 'Adventure', 399);
INSERT INTO genres (id, name, film_id) VALUES (179, 'Action', 385);
INSERT INTO genres (id, name, film_id) VALUES (180, 'Fantasy', 214);
INSERT INTO genres (id, name, film_id) VALUES (181, 'Animated', 467);
INSERT INTO genres (id, name, film_id) VALUES (182, 'Historical', 409);
INSERT INTO genres (id, name, film_id) VALUES (183, 'Comedy', 93);
INSERT INTO genres (id, name, film_id) VALUES (184, 'Comedy', 253);
INSERT INTO genres (id, name, film_id) VALUES (185, 'Horror', 193);
INSERT INTO genres (id, name, film_id) VALUES (186, 'Science', 252);
INSERT INTO genres (id, name, film_id) VALUES (187, 'Action', 462);
INSERT INTO genres (id, name, film_id) VALUES (188, 'Animated', 35);
INSERT INTO genres (id, name, film_id) VALUES (189, 'Comedy', 188);
INSERT INTO genres (id, name, film_id) VALUES (190, 'Action', 269);
INSERT INTO genres (id, name, film_id) VALUES (191, 'Comedy', 399);
INSERT INTO genres (id, name, film_id) VALUES (192, 'Science', 79);
INSERT INTO genres (id, name, film_id) VALUES (193, 'Adventure', 447);
INSERT INTO genres (id, name, film_id) VALUES (194, 'Thriller', 261);
INSERT INTO genres (id, name, film_id) VALUES (195, 'Drama', 106);
INSERT INTO genres (id, name, film_id) VALUES (196, 'Thriller', 283);
INSERT INTO genres (id, name, film_id) VALUES (197, 'Thriller', 252);
INSERT INTO genres (id, name, film_id) VALUES (198, 'Comedy', 461);
INSERT INTO genres (id, name, film_id) VALUES (199, 'Science', 165);
INSERT INTO genres (id, name, film_id) VALUES (200, 'Horror', 375);
INSERT INTO genres (id, name, film_id) VALUES (201, 'Fantasy', 497);
INSERT INTO genres (id, name, film_id) VALUES (202, 'Science', 77);
INSERT INTO genres (id, name, film_id) VALUES (203, 'Fantasy', 485);
INSERT INTO genres (id, name, film_id) VALUES (204, 'Western', 301);
INSERT INTO genres (id, name, film_id) VALUES (205, 'Western', 10);
INSERT INTO genres (id, name, film_id) VALUES (206, 'Fantasy', 430);
INSERT INTO genres (id, name, film_id) VALUES (207, 'Horror', 150);
INSERT INTO genres (id, name, film_id) VALUES (208, 'Adventure', 162);
INSERT INTO genres (id, name, film_id) VALUES (209, 'Comedy', 475);
INSERT INTO genres (id, name, film_id) VALUES (210, 'Western', 367);
INSERT INTO genres (id, name, film_id) VALUES (211, 'Science', 361);
INSERT INTO genres (id, name, film_id) VALUES (212, 'Action', 407);
INSERT INTO genres (id, name, film_id) VALUES (213, 'Fantasy', 238);
INSERT INTO genres (id, name, film_id) VALUES (214, 'Historical', 198);
INSERT INTO genres (id, name, film_id) VALUES (215, 'Animated', 306);
INSERT INTO genres (id, name, film_id) VALUES (216, 'Fantasy', 139);
INSERT INTO genres (id, name, film_id) VALUES (217, 'Comedy', 338);
INSERT INTO genres (id, name, film_id) VALUES (218, 'Thriller', 100);
INSERT INTO genres (id, name, film_id) VALUES (219, 'Drama', 379);
INSERT INTO genres (id, name, film_id) VALUES (220, 'Drama', 484);
INSERT INTO genres (id, name, film_id) VALUES (221, 'Thriller', 301);
INSERT INTO genres (id, name, film_id) VALUES (222, 'Historical', 499);
INSERT INTO genres (id, name, film_id) VALUES (223, 'Science', 315);
INSERT INTO genres (id, name, film_id) VALUES (224, 'Animated', 152);
INSERT INTO genres (id, name, film_id) VALUES (225, 'Adventure', 298);
INSERT INTO genres (id, name, film_id) VALUES (226, 'Horror', 95);
INSERT INTO genres (id, name, film_id) VALUES (227, 'Thriller', 433);
INSERT INTO genres (id, name, film_id) VALUES (228, 'Horror', 376);
INSERT INTO genres (id, name, film_id) VALUES (229, 'Horror', 430);
INSERT INTO genres (id, name, film_id) VALUES (230, 'Fantasy', 311);
INSERT INTO genres (id, name, film_id) VALUES (231, 'Action', 311);
INSERT INTO genres (id, name, film_id) VALUES (232, 'Horror', 103);
INSERT INTO genres (id, name, film_id) VALUES (233, 'Animated', 12);
INSERT INTO genres (id, name, film_id) VALUES (234, 'Historical', 86);
INSERT INTO genres (id, name, film_id) VALUES (235, 'Science', 307);
INSERT INTO genres (id, name, film_id) VALUES (236, 'Western', 381);
INSERT INTO genres (id, name, film_id) VALUES (237, 'Drama', 363);
INSERT INTO genres (id, name, film_id) VALUES (238, 'Thriller', 22);
INSERT INTO genres (id, name, film_id) VALUES (239, 'Adventure', 23);
INSERT INTO genres (id, name, film_id) VALUES (240, 'Drama', 71);
INSERT INTO genres (id, name, film_id) VALUES (241, 'Horror', 233);
INSERT INTO genres (id, name, film_id) VALUES (242, 'Comedy', 64);
INSERT INTO genres (id, name, film_id) VALUES (243, 'Adventure', 374);
INSERT INTO genres (id, name, film_id) VALUES (244, 'Thriller', 65);
INSERT INTO genres (id, name, film_id) VALUES (245, 'Fantasy', 95);
INSERT INTO genres (id, name, film_id) VALUES (246, 'Thriller', 493);
INSERT INTO genres (id, name, film_id) VALUES (247, 'Western', 93);
INSERT INTO genres (id, name, film_id) VALUES (248, 'Action', 390);
INSERT INTO genres (id, name, film_id) VALUES (249, 'Horror', 218);
INSERT INTO genres (id, name, film_id) VALUES (250, 'Action', 125);
INSERT INTO genres (id, name, film_id) VALUES (251, 'Animated', 101);
INSERT INTO genres (id, name, film_id) VALUES (252, 'Drama', 155);
INSERT INTO genres (id, name, film_id) VALUES (253, 'Historical', 485);
INSERT INTO genres (id, name, film_id) VALUES (254, 'Action', 270);
INSERT INTO genres (id, name, film_id) VALUES (255, 'Historical', 316);
INSERT INTO genres (id, name, film_id) VALUES (256, 'Comedy', 425);
INSERT INTO genres (id, name, film_id) VALUES (257, 'Historical', 111);
INSERT INTO genres (id, name, film_id) VALUES (258, 'Adventure', 94);
INSERT INTO genres (id, name, film_id) VALUES (259, 'Thriller', 87);
INSERT INTO genres (id, name, film_id) VALUES (260, 'Thriller', 272);
INSERT INTO genres (id, name, film_id) VALUES (261, 'Western', 488);
INSERT INTO genres (id, name, film_id) VALUES (262, 'Animated', 174);
INSERT INTO genres (id, name, film_id) VALUES (263, 'Science', 56);
INSERT INTO genres (id, name, film_id) VALUES (264, 'Fantasy', 313);
INSERT INTO genres (id, name, film_id) VALUES (265, 'Historical', 65);
INSERT INTO genres (id, name, film_id) VALUES (266, 'Fantasy', 158);
INSERT INTO genres (id, name, film_id) VALUES (267, 'Western', 412);
INSERT INTO genres (id, name, film_id) VALUES (268, 'Horror', 236);
INSERT INTO genres (id, name, film_id) VALUES (269, 'Drama', 230);
INSERT INTO genres (id, name, film_id) VALUES (270, 'Science', 47);
INSERT INTO genres (id, name, film_id) VALUES (271, 'Historical', 81);
INSERT INTO genres (id, name, film_id) VALUES (272, 'Horror', 396);
INSERT INTO genres (id, name, film_id) VALUES (273, 'Action', 352);
INSERT INTO genres (id, name, film_id) VALUES (274, 'Horror', 278);
INSERT INTO genres (id, name, film_id) VALUES (275, 'Historical', 38);
INSERT INTO genres (id, name, film_id) VALUES (276, 'Animated', 198);
INSERT INTO genres (id, name, film_id) VALUES (277, 'Drama', 210);
INSERT INTO genres (id, name, film_id) VALUES (278, 'Fantasy', 381);
INSERT INTO genres (id, name, film_id) VALUES (279, 'Science', 82);
INSERT INTO genres (id, name, film_id) VALUES (280, 'Adventure', 124);
INSERT INTO genres (id, name, film_id) VALUES (281, 'Fantasy', 206);
INSERT INTO genres (id, name, film_id) VALUES (282, 'Historical', 110);
INSERT INTO genres (id, name, film_id) VALUES (283, 'Historical', 487);
INSERT INTO genres (id, name, film_id) VALUES (284, 'Drama', 362);
INSERT INTO genres (id, name, film_id) VALUES (285, 'Drama', 352);
INSERT INTO genres (id, name, film_id) VALUES (286, 'Science', 100);
INSERT INTO genres (id, name, film_id) VALUES (287, 'Thriller', 103);
INSERT INTO genres (id, name, film_id) VALUES (288, 'Horror', 150);
INSERT INTO genres (id, name, film_id) VALUES (289, 'Fantasy', 158);
INSERT INTO genres (id, name, film_id) VALUES (290, 'Historical', 194);
INSERT INTO genres (id, name, film_id) VALUES (291, 'Science', 99);
INSERT INTO genres (id, name, film_id) VALUES (292, 'Animated', 31);
INSERT INTO genres (id, name, film_id) VALUES (293, 'Animated', 178);
INSERT INTO genres (id, name, film_id) VALUES (294, 'Thriller', 223);
INSERT INTO genres (id, name, film_id) VALUES (295, 'Action', 155);
INSERT INTO genres (id, name, film_id) VALUES (296, 'Horror', 390);
INSERT INTO genres (id, name, film_id) VALUES (297, 'Horror', 97);
INSERT INTO genres (id, name, film_id) VALUES (298, 'Horror', 163);
INSERT INTO genres (id, name, film_id) VALUES (299, 'Comedy', 60);
INSERT INTO genres (id, name, film_id) VALUES (300, 'Western', 230);
INSERT INTO genres (id, name, film_id) VALUES (301, 'Western', 334);
INSERT INTO genres (id, name, film_id) VALUES (302, 'Fantasy', 177);
INSERT INTO genres (id, name, film_id) VALUES (303, 'Horror', 248);
INSERT INTO genres (id, name, film_id) VALUES (304, 'Adventure', 281);
INSERT INTO genres (id, name, film_id) VALUES (305, 'Science', 331);
INSERT INTO genres (id, name, film_id) VALUES (306, 'Fantasy', 223);
INSERT INTO genres (id, name, film_id) VALUES (307, 'Historical', 1);
INSERT INTO genres (id, name, film_id) VALUES (308, 'Fantasy', 170);
INSERT INTO genres (id, name, film_id) VALUES (309, 'Horror', 234);
INSERT INTO genres (id, name, film_id) VALUES (310, 'Historical', 1);
INSERT INTO genres (id, name, film_id) VALUES (311, 'Animated', 99);
INSERT INTO genres (id, name, film_id) VALUES (312, 'Thriller', 496);
INSERT INTO genres (id, name, film_id) VALUES (313, 'Thriller', 376);
INSERT INTO genres (id, name, film_id) VALUES (314, 'Comedy', 142);
INSERT INTO genres (id, name, film_id) VALUES (315, 'Western', 381);
INSERT INTO genres (id, name, film_id) VALUES (316, 'Historical', 278);
INSERT INTO genres (id, name, film_id) VALUES (317, 'Thriller', 56);
INSERT INTO genres (id, name, film_id) VALUES (318, 'Action', 191);
INSERT INTO genres (id, name, film_id) VALUES (319, 'Action', 265);
INSERT INTO genres (id, name, film_id) VALUES (320, 'Science', 369);
INSERT INTO genres (id, name, film_id) VALUES (321, 'Western', 227);
INSERT INTO genres (id, name, film_id) VALUES (322, 'Science', 14);
INSERT INTO genres (id, name, film_id) VALUES (323, 'Historical', 427);
INSERT INTO genres (id, name, film_id) VALUES (324, 'Drama', 69);
INSERT INTO genres (id, name, film_id) VALUES (325, 'Horror', 364);
INSERT INTO genres (id, name, film_id) VALUES (326, 'Action', 441);
INSERT INTO genres (id, name, film_id) VALUES (327, 'Thriller', 447);
INSERT INTO genres (id, name, film_id) VALUES (328, 'Drama', 266);
INSERT INTO genres (id, name, film_id) VALUES (329, 'Western', 378);
INSERT INTO genres (id, name, film_id) VALUES (330, 'Action', 35);
INSERT INTO genres (id, name, film_id) VALUES (331, 'Thriller', 367);
INSERT INTO genres (id, name, film_id) VALUES (332, 'Thriller', 92);
INSERT INTO genres (id, name, film_id) VALUES (333, 'Comedy', 78);
INSERT INTO genres (id, name, film_id) VALUES (334, 'Drama', 23);
INSERT INTO genres (id, name, film_id) VALUES (335, 'Comedy', 220);
INSERT INTO genres (id, name, film_id) VALUES (336, 'Animated', 171);
INSERT INTO genres (id, name, film_id) VALUES (337, 'Thriller', 317);
INSERT INTO genres (id, name, film_id) VALUES (338, 'Science', 53);
INSERT INTO genres (id, name, film_id) VALUES (339, 'Action', 220);
INSERT INTO genres (id, name, film_id) VALUES (340, 'Fantasy', 205);
INSERT INTO genres (id, name, film_id) VALUES (341, 'Western', 60);
INSERT INTO genres (id, name, film_id) VALUES (342, 'Drama', 58);
INSERT INTO genres (id, name, film_id) VALUES (343, 'Horror', 434);
INSERT INTO genres (id, name, film_id) VALUES (344, 'Fantasy', 217);
INSERT INTO genres (id, name, film_id) VALUES (345, 'Drama', 263);
INSERT INTO genres (id, name, film_id) VALUES (346, 'Adventure', 130);
INSERT INTO genres (id, name, film_id) VALUES (347, 'Drama', 372);
INSERT INTO genres (id, name, film_id) VALUES (348, 'Horror', 438);
INSERT INTO genres (id, name, film_id) VALUES (349, 'Drama', 62);
INSERT INTO genres (id, name, film_id) VALUES (350, 'Science', 439);
INSERT INTO genres (id, name, film_id) VALUES (351, 'Animated', 47);
INSERT INTO genres (id, name, film_id) VALUES (352, 'Comedy', 432);
INSERT INTO genres (id, name, film_id) VALUES (353, 'Adventure', 388);
INSERT INTO genres (id, name, film_id) VALUES (354, 'Drama', 372);
INSERT INTO genres (id, name, film_id) VALUES (355, 'Animated', 218);
INSERT INTO genres (id, name, film_id) VALUES (356, 'Horror', 174);
INSERT INTO genres (id, name, film_id) VALUES (357, 'Adventure', 286);
INSERT INTO genres (id, name, film_id) VALUES (358, 'Fantasy', 137);
INSERT INTO genres (id, name, film_id) VALUES (359, 'Adventure', 116);
INSERT INTO genres (id, name, film_id) VALUES (360, 'Historical', 432);
INSERT INTO genres (id, name, film_id) VALUES (361, 'Fantasy', 277);
INSERT INTO genres (id, name, film_id) VALUES (362, 'Animated', 284);
INSERT INTO genres (id, name, film_id) VALUES (363, 'Historical', 86);
INSERT INTO genres (id, name, film_id) VALUES (364, 'Drama', 421);
INSERT INTO genres (id, name, film_id) VALUES (365, 'Western', 305);
INSERT INTO genres (id, name, film_id) VALUES (366, 'Action', 148);
INSERT INTO genres (id, name, film_id) VALUES (367, 'Thriller', 230);
INSERT INTO genres (id, name, film_id) VALUES (368, 'Science', 325);
INSERT INTO genres (id, name, film_id) VALUES (369, 'Action', 366);
INSERT INTO genres (id, name, film_id) VALUES (370, 'Drama', 378);
INSERT INTO genres (id, name, film_id) VALUES (371, 'Western', 220);
INSERT INTO genres (id, name, film_id) VALUES (372, 'Science', 408);
INSERT INTO genres (id, name, film_id) VALUES (373, 'Animated', 90);
INSERT INTO genres (id, name, film_id) VALUES (374, 'Thriller', 344);
INSERT INTO genres (id, name, film_id) VALUES (375, 'Fantasy', 107);
INSERT INTO genres (id, name, film_id) VALUES (376, 'Fantasy', 65);
INSERT INTO genres (id, name, film_id) VALUES (377, 'Horror', 134);
INSERT INTO genres (id, name, film_id) VALUES (378, 'Fantasy', 315);
INSERT INTO genres (id, name, film_id) VALUES (379, 'Western', 61);
INSERT INTO genres (id, name, film_id) VALUES (380, 'Action', 264);
INSERT INTO genres (id, name, film_id) VALUES (381, 'Drama', 409);
INSERT INTO genres (id, name, film_id) VALUES (382, 'Comedy', 457);
INSERT INTO genres (id, name, film_id) VALUES (383, 'Horror', 111);
INSERT INTO genres (id, name, film_id) VALUES (384, 'Action', 13);
INSERT INTO genres (id, name, film_id) VALUES (385, 'Historical', 257);
INSERT INTO genres (id, name, film_id) VALUES (386, 'Historical', 302);
INSERT INTO genres (id, name, film_id) VALUES (387, 'Western', 70);
INSERT INTO genres (id, name, film_id) VALUES (388, 'Thriller', 23);
INSERT INTO genres (id, name, film_id) VALUES (389, 'Horror', 325);
INSERT INTO genres (id, name, film_id) VALUES (390, 'Fantasy', 461);
INSERT INTO genres (id, name, film_id) VALUES (391, 'Historical', 454);
INSERT INTO genres (id, name, film_id) VALUES (392, 'Action', 458);
INSERT INTO genres (id, name, film_id) VALUES (393, 'Thriller', 24);
INSERT INTO genres (id, name, film_id) VALUES (394, 'Historical', 15);
INSERT INTO genres (id, name, film_id) VALUES (395, 'Western', 358);
INSERT INTO genres (id, name, film_id) VALUES (396, 'Science', 214);
INSERT INTO genres (id, name, film_id) VALUES (397, 'Action', 68);
INSERT INTO genres (id, name, film_id) VALUES (398, 'Western', 88);
INSERT INTO genres (id, name, film_id) VALUES (399, 'Adventure', 315);
INSERT INTO genres (id, name, film_id) VALUES (400, 'Animated', 335);
INSERT INTO genres (id, name, film_id) VALUES (401, 'Fantasy', 219);
INSERT INTO genres (id, name, film_id) VALUES (402, 'Animated', 283);
INSERT INTO genres (id, name, film_id) VALUES (403, 'Thriller', 364);
INSERT INTO genres (id, name, film_id) VALUES (404, 'Science', 281);
INSERT INTO genres (id, name, film_id) VALUES (405, 'Adventure', 3);
INSERT INTO genres (id, name, film_id) VALUES (406, 'Drama', 248);
INSERT INTO genres (id, name, film_id) VALUES (407, 'Action', 128);
INSERT INTO genres (id, name, film_id) VALUES (408, 'Action', 402);
INSERT INTO genres (id, name, film_id) VALUES (409, 'Thriller', 249);
INSERT INTO genres (id, name, film_id) VALUES (410, 'Drama', 293);
INSERT INTO genres (id, name, film_id) VALUES (411, 'Western', 325);
INSERT INTO genres (id, name, film_id) VALUES (412, 'Science', 77);
INSERT INTO genres (id, name, film_id) VALUES (413, 'Thriller', 479);
INSERT INTO genres (id, name, film_id) VALUES (414, 'Science', 84);
INSERT INTO genres (id, name, film_id) VALUES (415, 'Historical', 308);
INSERT INTO genres (id, name, film_id) VALUES (416, 'Drama', 123);
INSERT INTO genres (id, name, film_id) VALUES (417, 'Fantasy', 259);
INSERT INTO genres (id, name, film_id) VALUES (418, 'Fantasy', 67);
INSERT INTO genres (id, name, film_id) VALUES (419, 'Fantasy', 298);
INSERT INTO genres (id, name, film_id) VALUES (420, 'Western', 193);
INSERT INTO genres (id, name, film_id) VALUES (421, 'Western', 271);
INSERT INTO genres (id, name, film_id) VALUES (422, 'Thriller', 422);
INSERT INTO genres (id, name, film_id) VALUES (423, 'Fantasy', 137);
INSERT INTO genres (id, name, film_id) VALUES (424, 'Drama', 5);
INSERT INTO genres (id, name, film_id) VALUES (425, 'Drama', 478);
INSERT INTO genres (id, name, film_id) VALUES (426, 'Historical', 442);
INSERT INTO genres (id, name, film_id) VALUES (427, 'Fantasy', 489);
INSERT INTO genres (id, name, film_id) VALUES (428, 'Horror', 370);
INSERT INTO genres (id, name, film_id) VALUES (429, 'Historical', 392);
INSERT INTO genres (id, name, film_id) VALUES (430, 'Comedy', 365);
INSERT INTO genres (id, name, film_id) VALUES (431, 'Drama', 79);
INSERT INTO genres (id, name, film_id) VALUES (432, 'Horror', 137);
INSERT INTO genres (id, name, film_id) VALUES (433, 'Horror', 56);
INSERT INTO genres (id, name, film_id) VALUES (434, 'Fantasy', 338);
INSERT INTO genres (id, name, film_id) VALUES (435, 'Action', 117);
INSERT INTO genres (id, name, film_id) VALUES (436, 'Action', 233);
INSERT INTO genres (id, name, film_id) VALUES (437, 'Science', 16);
INSERT INTO genres (id, name, film_id) VALUES (438, 'Action', 275);
INSERT INTO genres (id, name, film_id) VALUES (439, 'Drama', 272);
INSERT INTO genres (id, name, film_id) VALUES (440, 'Historical', 193);
INSERT INTO genres (id, name, film_id) VALUES (441, 'Horror', 133);
INSERT INTO genres (id, name, film_id) VALUES (442, 'Science', 27);
INSERT INTO genres (id, name, film_id) VALUES (443, 'Historical', 87);
INSERT INTO genres (id, name, film_id) VALUES (444, 'Science', 111);
INSERT INTO genres (id, name, film_id) VALUES (445, 'Drama', 261);
INSERT INTO genres (id, name, film_id) VALUES (446, 'Comedy', 400);
INSERT INTO genres (id, name, film_id) VALUES (447, 'Comedy', 439);
INSERT INTO genres (id, name, film_id) VALUES (448, 'Adventure', 129);
INSERT INTO genres (id, name, film_id) VALUES (449, 'Drama', 400);
INSERT INTO genres (id, name, film_id) VALUES (450, 'Animated', 174);
INSERT INTO genres (id, name, film_id) VALUES (451, 'Historical', 208);
INSERT INTO genres (id, name, film_id) VALUES (452, 'Drama', 183);
INSERT INTO genres (id, name, film_id) VALUES (453, 'Comedy', 87);
INSERT INTO genres (id, name, film_id) VALUES (454, 'Historical', 400);
INSERT INTO genres (id, name, film_id) VALUES (455, 'Historical', 476);
INSERT INTO genres (id, name, film_id) VALUES (456, 'Fantasy', 341);
INSERT INTO genres (id, name, film_id) VALUES (457, 'Horror', 393);
INSERT INTO genres (id, name, film_id) VALUES (458, 'Action', 403);
INSERT INTO genres (id, name, film_id) VALUES (459, 'Historical', 210);
INSERT INTO genres (id, name, film_id) VALUES (460, 'Thriller', 214);
INSERT INTO genres (id, name, film_id) VALUES (461, 'Western', 45);
INSERT INTO genres (id, name, film_id) VALUES (462, 'Historical', 3);
INSERT INTO genres (id, name, film_id) VALUES (463, 'Thriller', 460);
INSERT INTO genres (id, name, film_id) VALUES (464, 'Horror', 31);
INSERT INTO genres (id, name, film_id) VALUES (465, 'Action', 270);
INSERT INTO genres (id, name, film_id) VALUES (466, 'Science', 120);
INSERT INTO genres (id, name, film_id) VALUES (467, 'Thriller', 310);
INSERT INTO genres (id, name, film_id) VALUES (468, 'Historical', 103);
INSERT INTO genres (id, name, film_id) VALUES (469, 'Horror', 152);
INSERT INTO genres (id, name, film_id) VALUES (470, 'Action', 60);
INSERT INTO genres (id, name, film_id) VALUES (471, 'Comedy', 336);
INSERT INTO genres (id, name, film_id) VALUES (472, 'Comedy', 18);
INSERT INTO genres (id, name, film_id) VALUES (473, 'Thriller', 333);
INSERT INTO genres (id, name, film_id) VALUES (474, 'Comedy', 358);
INSERT INTO genres (id, name, film_id) VALUES (475, 'Western', 78);
INSERT INTO genres (id, name, film_id) VALUES (476, 'Action', 31);
INSERT INTO genres (id, name, film_id) VALUES (477, 'Fantasy', 114);
INSERT INTO genres (id, name, film_id) VALUES (478, 'Historical', 250);
INSERT INTO genres (id, name, film_id) VALUES (479, 'Historical', 24);
INSERT INTO genres (id, name, film_id) VALUES (480, 'Western', 266);
INSERT INTO genres (id, name, film_id) VALUES (481, 'Fantasy', 27);
INSERT INTO genres (id, name, film_id) VALUES (482, 'Action', 395);
INSERT INTO genres (id, name, film_id) VALUES (483, 'Historical', 350);
INSERT INTO genres (id, name, film_id) VALUES (484, 'Thriller', 424);
INSERT INTO genres (id, name, film_id) VALUES (485, 'Horror', 172);
INSERT INTO genres (id, name, film_id) VALUES (486, 'Historical', 164);
INSERT INTO genres (id, name, film_id) VALUES (487, 'Thriller', 199);
INSERT INTO genres (id, name, film_id) VALUES (488, 'Fantasy', 362);
INSERT INTO genres (id, name, film_id) VALUES (489, 'Thriller', 180);
INSERT INTO genres (id, name, film_id) VALUES (490, 'Drama', 377);
INSERT INTO genres (id, name, film_id) VALUES (491, 'Drama', 441);
INSERT INTO genres (id, name, film_id) VALUES (492, 'Adventure', 5);
INSERT INTO genres (id, name, film_id) VALUES (493, 'Animated', 296);
INSERT INTO genres (id, name, film_id) VALUES (494, 'Comedy', 40);
INSERT INTO genres (id, name, film_id) VALUES (495, 'Adventure', 1);
INSERT INTO genres (id, name, film_id) VALUES (496, 'Western', 192);
INSERT INTO genres (id, name, film_id) VALUES (497, 'Animated', 231);
INSERT INTO genres (id, name, film_id) VALUES (498, 'Horror', 222);
INSERT INTO genres (id, name, film_id) VALUES (499, 'Thriller', 406);
INSERT INTO genres (id, name, film_id) VALUES (500, 'Comedy', 170);